directory,scenario,policy,state,ranking_eligible,violations,invalid,violation_reasons,min_soc_kwh,max_soc_kwh,max_abs_dispatch_kw,energy_residual_kwh,export_kwh,import_kwh,load_kwh,max_loading,max_power_residual_pu,max_voltage_pu,min_voltage_pu,network_loss_kwh,peak_import_kw,solar_kwh,storage_delta_kwh,storage_loss_kwh,total_loss_kwh
default,Synthetic Canopy 13 / seed 17,baseline,COMPLETED_INFEASIBLE,False,6,0,branch 0-1 current loading,40.0,40.0,0.0,1.9252155425419915e-11,207.44367227855673,833.984162867301,1276.7320419500008,1.045543207850872,5.933655404496739e-11,1.007843861302394,0.9862086149428978,7.6805085387241725,91.21185019320413,657.8720598999998,0.0,0.0,7.6805085387241725
default,Synthetic Canopy 13 / seed 17,storage,COMPLETED_VALID,False,0,0,,40.0,70.4,8.0,3.0947688856031164e-11,175.78883700642547,804.5721289483313,1276.7320419500008,0.9660130459627737,4.390074245665099e-11,1.007374055855131,0.9872962913181771,6.803309891873911,83.83433641656191,657.8720598999998,7.105427357601002e-15,3.1199999999999983,9.92330989187391
default,Synthetic Canopy 13 / seed 17,tap,COMPLETED_INFEASIBLE,False,4,0,branch 0-1 current loading,40.0,40.0,0.0,1.603783772452516e-11,207.488585425528,833.83871336529,1276.7320419500008,1.0323293902911428,5.2286893541002265e-11,1.0202489862349395,0.9988832613513277,7.490145889744887,91.18676886671186,657.8720598999998,0.0,0.0,7.490145889744887
default,Synthetic Canopy 13 / seed 17,combined,COMPLETED_VALID,False,0,0,,40.0,70.4,8.0,4.53770354624794e-11,175.82543066636657,804.4401402625363,1276.7320419500008,0.9538288440837052,5.7141374092722424e-11,1.01978474006259,0.9999568070417506,6.634727546123242,83.81325579622953,657.8720598999998,7.105427357601002e-15,3.1199999999999983,9.75472754612324
exploration/batch-00/case-000,exploration family=storage seed=11 scale=0.7,baseline,COMPLETED_VALID,True,0,0,,40.0,40.0,0.0,7.196909734830115e-12,299.16787712193934,543.7291567753499,893.7124283,0.7292482460211663,4.967948554771323e-11,1.0099345737915857,0.9903837339265322,5.365548453403414,63.63511285210405,654.5166971000001,0.0,0.0,5.365548453403414
exploration/batch-00/case-000,exploration family=storage seed=11 scale=0.7,tap_m2,COMPLETED_VALID,True,0,0,,40.0,40.0,0.0,2.7554847292776685e-11,299.1012236282119,543.799042579307,893.7124283,0.7386365550744635,4.589073326352826e-11,0.99755730446842,0.9777597558161351,5.502087751067577,63.64769748102841,654.5166971000001,0.0,0.0,5.502087751067577
exploration/batch-00/case-000,exploration family=storage seed=11 scale=0.7,tap_p2,COMPLETED_VALID,True,0,0,,40.0,40.0,0.0,2.504663143554353e-13,299.23212435756494,543.6618847625949,893.7124283,0.7200975242300236,5.015913588689111e-11,1.0223147679017464,1.003004568061877,5.234029205029833,63.6230018648305,654.5166971000001,0.0,0.0,5.234029205029833
exploration/batch-00/case-000,exploration family=storage seed=11 scale=0.7,tap_p4,COMPLETED_VALID,True,0,0,,40.0,40.0,0.0,-5.53068701947268e-12,299.2940792602466,543.5970973046359,893.7124283,0.7111754130042102,5.0682958999218336e-11,1.0346977846842373,1.0156223773248254,5.107286844394895,63.611340920077616,654.5166971000001,0.0,0.0,5.107286844394895
exploration/batch-00/case-000,exploration family=storage seed=11 scale=0.7,storage_0,COMPLETED_VALID,True,0,0,,40.0,47.60000000000002,2,-2.169375790117556e-13,291.28025407248646,536.4102708574179,893.7124283,0.7094532144228061,4.6535233658573296e-11,1.0099345737915857,0.9909394229991882,5.154285584931776,61.80064125572826,654.5166971000001,0.0,0.7799999999999996,5.934285584931775
exploration/batch-00/case-000,exploration family=storage seed=11 scale=0.7,storage_1,COMPLETED_VALID,True,0,0,,40.0,47.60000000000002,2,-1.9275692153541968e-12,291.2911114126716,536.4102708574179,893.7124283,0.7094532144228061,4.6535233658573296e-11,1.0098181713176249,0.9909394229991882,5.143428244748261,61.80064125572826,654.5166971000001,0.0,0.7799999999999996,5.92342824474826
exploration/batch-00/case-000,exploration family=storage seed=11 scale=0.7,storage_2,COMPLETED_VALID,True,0,0,,40.0,55.200000000000045,4,-1.2989609388114332e-12,283.38151062601446,529.1011065042543,893.7124283,0.6897226771360921,3.9004708617609943e-11,1.0099345737915857,0.9910504233009372,4.963864678241174,59.968617287138315,654.5166971000001,0.0,1.5599999999999992,6.523864678241173
exploration/batch-00/case-000,exploration family=storage seed=11 scale=0.7,storage_3,COMPLETED_VALID,True,0,0,,40.0,55.200000000000045,4,-3.921751812185903e-12,283.4032668309943,529.1011065042543,893.7124283,0.6897226771360921,3.9004708617609943e-11,1.0097015508418123,0.9910504233009372,4.9421084732639455,59.968617287138315,654.5166971000001,0.0,1.5599999999999992,6.502108473263945
exploration/batch-00/case-000,exploration family=storage seed=11 scale=0.7,storage_4,COMPLETED_VALID,True,0,0,,40.0,70.4,8,-1.3694823053356231e-11,267.55047412080955,514.511788128725,893.7124283,0.6566175642156024,3.882417713610862e-11,1.0099345737915857,0.9912718357688993,4.6455828079291965,56.3118731840967,654.5166971000001,7.105427357601002e-15,3.1199999999999983,7.765582807929195
exploration/batch-00/case-000,exploration family=storage seed=11 scale=0.7,storage_5,COMPLETED_VALID,True,0,0,,40.0,70.4,8,-2.1503687719359732e-11,267.5941538228347,514.511788128725,893.7124283,0.6504677990989305,3.882417713610862e-11,1.0094676521429722,0.9912718357688993,4.601903105911804,56.3118731840967,654.5166971000001,7.105427357601002e-15,3.1199999999999983,7.721903105911802
exploration/batch-00/case-000,exploration family=storage seed=11 scale=0.7,storage_6,COMPLETED_INFEASIBLE,False,19,0,storage capacity,39.99999999999999,85.59999999999997,12,-1.3104184404255648e-11,251.67438720700875,499.9608956137019,893.7124283,0.6566175642156024,3.876161798066354e-11,1.0099345737915857,0.9914924693479785,4.41077720670636,52.664803128487826,654.5166971000001,-7.105427357601002e-15,4.679999999999998,9.090777206706358
exploration/batch-00/case-000,exploration family=storage seed=11 scale=0.7,storage_7,COMPLETED_INFEASIBLE,False,15,0,storage capacity,39.99999999999999,85.59999999999997,12,-2.5149660132228746e-11,251.74016011656767,499.9608956137019,893.7124283,0.6115130878486575,3.876161798066354e-11,1.0092328701415318,0.9914924693479785,4.3450042971594325,52.664803128487826,654.5166971000001,-7.105427357601002e-15,4.679999999999998,9.02500429715943
exploration/batch-00/case-001,exploration family=combined seed=11 scale=0.7,baseline,COMPLETED_VALID,True,0,0,,40.0,40.0,0.0,7.196909734830115e-12,299.16787712193934,543.7291567753499,893.7124283,0.7292482460211663,4.967948554771323e-11,1.0099345737915857,0.9903837339265322,5.365548453403414,63.63511285210405,654.5166971000001,0.0,0.0,5.365548453403414
exploration/batch-00/case-001,exploration family=combined seed=11 scale=0.7,tap_m2,COMPLETED_VALID,True,0,0,,40.0,40.0,0.0,2.7554847292776685e-11,299.1012236282119,543.799042579307,893.7124283,0.7386365550744635,4.589073326352826e-11,0.99755730446842,0.9777597558161351,5.502087751067577,63.64769748102841,654.5166971000001,0.0,0.0,5.502087751067577
exploration/batch-00/case-001,exploration family=combined seed=11 scale=0.7,tap_p2,COMPLETED_VALID,True,0,0,,40.0,40.0,0.0,2.504663143554353e-13,299.23212435756494,543.6618847625949,893.7124283,0.7200975242300236,5.015913588689111e-11,1.0223147679017464,1.003004568061877,5.234029205029833,63.6230018648305,654.5166971000001,0.0,0.0,5.234029205029833
exploration/batch-00/case-001,exploration family=combined seed=11 scale=0.7,tap_p4,COMPLETED_VALID,True,0,0,,40.0,40.0,0.0,-5.53068701947268e-12,299.2940792602466,543.5970973046359,893.7124283,0.7111754130042102,5.0682958999218336e-11,1.0346977846842373,1.0156223773248254,5.107286844394895,63.611340920077616,654.5166971000001,0.0,0.0,5.107286844394895
exploration/batch-00/case-001,exploration family=combined seed=11 scale=0.7,combined_0,COMPLETED_VALID,True,0,0,,40.0,47.60000000000002,2,-1.592259657456907e-11,291.4011525951955,536.2830810568807,893.7124283,0.6918803121828341,4.793619989414148e-11,1.0346977846842373,1.016164088040243,4.906197261701188,61.77832469591328,654.5166971000001,0.0,0.7799999999999996,5.686197261701188
exploration/batch-00/case-001,exploration family=combined seed=11 scale=0.7,combined_1,COMPLETED_VALID,True,0,0,,40.0,47.60000000000002,2,-2.172861890414879e-11,291.411507746737,536.2830810568807,893.7124283,0.6918803121828341,4.793619989414148e-11,1.0345840575821696,1.016164088040243,4.895842110165505,61.77832469591328,654.5166971000001,0.0,0.7799999999999996,5.6758421101655046
exploration/batch-00/case-001,exploration family=combined seed=11 scale=0.7,combined_2,COMPLETED_VALID,True,0,0,,40.0,55.200000000000045,4,-1.2169376617521266e-11,283.4976236471284,528.9783019017945,893.7124283,0.6726467120219916,4.039352638788612e-11,1.0346977846842373,1.0162722506369062,4.724947054678247,59.947633313611945,654.5166971000001,0.0,1.5599999999999992,6.284947054678247
exploration/batch-00/case-001,exploration family=combined seed=11 scale=0.7,combined_3,COMPLETED_VALID,True,0,0,,40.0,55.200000000000045,4,-1.80873094279832e-11,283.518371688099,528.9783019017945,893.7124283,0.6726467120219916,4.039352638788612e-11,1.0344701275143613,1.0162722506369062,4.704199013713563,59.947633313611945,654.5166971000001,0.0,1.5599999999999992,6.2641990137135615
exploration/batch-00/case-001,exploration family=combined seed=11 scale=0.7,combined_4,COMPLETED_VALID,True,0,0,,40.0,70.4,8,-1.007283145781912e-11,267.6585877558063,514.3963153890539,893.7124283,0.6409000323187963,3.042962290849447e-11,1.0346977846842373,1.0164880308547004,4.4219964332577995,56.29318981067172,654.5166971000001,7.105427357601002e-15,3.1199999999999983,7.541996433257798
exploration/batch-00/case-001,exploration family=combined seed=11 scale=0.7,combined_5,COMPLETED_VALID,True,0,0,,40.0,70.4,8,-1.9967139053278515e-11,267.70023582257846,514.3963153890539,893.7124283,0.6343764441188957,3.5529374492193266e-11,1.034241655161483,1.0164880308547004,4.380348366495426,56.29318981067172,654.5166971000001,7.105427357601002e-15,3.1199999999999983,7.500348366495424
exploration/batch-00/case-001,exploration family=combined seed=11 scale=0.7,combined_6,COMPLETED_INFEASIBLE,False,19,0,storage capacity,39.99999999999999,85.59999999999997,12,-9.724665517296671e-12,251.77662621707333,499.8508611191922,893.7124283,0.6409000323187963,3.038886200212937e-11,1.0346977846842373,1.0167030891017625,4.198503702128639,52.647940470848596,654.5166971000001,-7.105427357601002e-15,4.679999999999998,8.878503702128636
exploration/batch-00/case-001,exploration family=combined seed=11 scale=0.7,combined_7,COMPLETED_INFEASIBLE,False,15,0,storage capacity,39.99999999999999,85.59999999999997,12,-2.2931878618237533e-11,251.83932838680533,499.8508611191922,893.7124283,0.5963934172987867,3.648270779327103e-11,1.0340123609261618,1.0167030891017625,4.1358015324098405,52.647940470848596,654.5166971000001,-7.105427357601002e-15,4.679999999999998,8.81580153240984
exploration/batch-01/case-000,exploration family=storage seed=11 scale=0.85,baseline,COMPLETED_VALID,True,0,0,,40.0,40.0,0.0,8.983924715266767e-12,243.5613227236401,680.5146331584973,1085.2222358249996,0.8871076783180245,5.869413746950698e-11,1.009051976542445,0.9883003027349101,6.247771709848732,77.40015978574255,654.5166971000001,0.0,0.0,6.247771709848732
exploration/batch-01/case-000,exploration family=storage seed=11 scale=0.85,tap_m2,COMPLETED_VALID,True,0,0,,40.0,40.0,0.0,1.0769163338864018e-11,243.5071912360605,680.6205176507086,1085.2222358249996,0.8985706331742276,4.986330716046519e-11,0.9966639441810704,0.9756488568753958,6.4077876896377886,77.41885533160168,654.5166971000001,0.0,0.0,6.4077876896377886
exploration/batch-01/case-000,exploration family=storage seed=11 scale=0.85,tap_p2,COMPLETED_VALID,True,0,0,,40.0,40.0,0.0,2.0818902157770935e-12,243.61349619674277,680.4127223622858,1085.2222358249996,0.875936385888771,5.1747186233676655e-11,1.02144268204039,1.000947885536332,6.093687440541281,77.38217132146659,654.5166971000001,0.0,0.0,6.093687440541281
exploration/batch-01/case-000,exploration family=storage seed=11 scale=0.85,tap_p4,COMPLETED_VALID,True,0,0,,40.0,40.0,0.0,2.190958525716269e-11,243.66380458042886,680.3145879589174,1085.2222358249996,0.8650456579220751,5.829583803490035e-11,1.03383596712443,1.0135917527420037,5.945244653467089,77.36485449657545,654.5166971000001,0.0,0.0,5.945244653467089
exploration/batch-01/case-000,exploration family=storage seed=11 scale=0.85,storage_0,COMPLETED_VALID,True,0,0,,40.0,47.60000000000002,2,2.968891799071116e-11,235.65993707959007,673.1713848121785,1085.2222358249996,0.8672278530129947,6.209146892354131e-11,1.009051976542445,0.9889534911864977,6.025909007559291,75.55890600130851,654.5166971000001,0.0,0.7799999999999996,6.805909007559291
exploration/batch-01/case-000,exploration family=storage seed=11 scale=0.85,storage_1,COMPLETED_VALID,True,0,0,,40.0,47.60000000000002,2,2.4763080475054267e-11,235.67163613501174,673.1713848121785,1085.2222358249996,0.8672278530129947,6.209146892354131e-11,1.008935274707609,0.9889534911864977,6.014209952142431,75.55890600130851,654.5166971000001,0.0,0.7799999999999996,6.79420995214243
exploration/batch-01/case-000,exploration family=storage seed=11 scale=0.85,storage_2,COMPLETED_VALID,True,0,0,,40.0,55.200000000000045,4,2.553290912032935e-11,227.74737745813832,665.8379474643773,1085.2222358249996,0.8474061164696866,5.2141166772359736e-11,1.009051976542445,0.9890651541898775,5.825031281213903,73.72012485337018,654.5166971000001,0.0,1.5599999999999992,7.385031281213902
exploration/batch-01/case-000,exploration family=storage seed=11 scale=0.85,storage_3,COMPLETED_VALID,True,0,0,,40.0,55.200000000000045,4,2.16231477168094e-11,227.77082051066904,665.8379474643773,1085.2222358249996,0.8474061164696866,5.2141166772359736e-11,1.0088183537804973,0.9890651541898775,5.801588228686947,73.72012485337018,654.5166971000001,0.0,1.5599999999999992,7.361588228686946
exploration/batch-01/case-000,exploration family=storage seed=11 scale=0.85,storage_4,COMPLETED_VALID,True,0,0,,40.0,70.4,8,7.341327545873355e-11,211.88854633764615,651.200349029115,1085.2222358249996,0.8079451224191082,5.826922456083465e-11,1.009051976542445,0.9892878852002568,5.4862639663957955,70.04994075166164,654.5166971000001,7.105427357601002e-15,3.1199999999999983,8.606263966395794
exploration/batch-01/case-000,exploration family=storage seed=11 scale=0.85,storage_5,COMPLETED_VALID,True,0,0,,40.0,70.4,8,6.710809685728236e-11,211.93561350422124,651.200349029115,1085.2222358249996,0.8079451224191082,5.826922456083465e-11,1.0085838508781506,0.9892878852002568,5.439196799827267,70.04994075166164,654.5166971000001,7.105427357601002e-15,3.1199999999999983,8.559196799827266
exploration/batch-01/case-000,exploration family=storage seed=11 scale=0.85,storage_6,COMPLETED_INFEASIBLE,False,19,0,storage capacity,39.99999999999999,85.59999999999997,12,5.7630344940662326e-11,195.98444587468157,636.6015271314811,1085.2222358249996,0.768743249861411,4.563333102273319e-11,1.009051976542445,0.9895098282688563,5.231542531742402,66.38952875016425,654.5166971000001,-7.105427357601002e-15,4.679999999999998,9.9115425317424
exploration/batch-01/case-000,exploration family=storage seed=11 scale=0.85,storage_7,COMPLETED_INFEASIBLE,False,15,0,storage capacity,39.99999999999999,85.59999999999997,12,4.836664402319002e-11,196.05532084031526,636.6015271314811,1085.2222358249996,0.768743249861411,4.563333102273319e-11,1.0083484602227892,0.9895098282688563,5.1606675661179455,66.38952875016425,654.5166971000001,-7.105427357601002e-15,4.679999999999998,9.840667566117943
exploration/batch-01/case-001,exploration family=combined seed=11 scale=0.85,baseline,COMPLETED_VALID,True,0,0,,40.0,40.0,0.0,8.983924715266767e-12,243.5613227236401,680.5146331584973,1085.2222358249996,0.8871076783180245,5.869413746950698e-11,1.009051976542445,0.9883003027349101,6.247771709848732,77.40015978574255,654.5166971000001,0.0,0.0,6.247771709848732
exploration/batch-01/case-001,exploration family=combined seed=11 scale=0.85,tap_m2,COMPLETED_VALID,True,0,0,,40.0,40.0,0.0,1.0769163338864018e-11,243.5071912360605,680.6205176507086,1085.2222358249996,0.8985706331742276,4.986330716046519e-11,0.9966639441810704,0.9756488568753958,6.4077876896377886,77.41885533160168,654.5166971000001,0.0,0.0,6.4077876896377886
exploration/batch-01/case-001,exploration family=combined seed=11 scale=0.85,tap_p2,COMPLETED_VALID,True,0,0,,40.0,40.0,0.0,2.0818902157770935e-12,243.61349619674277,680.4127223622858,1085.2222358249996,0.875936385888771,5.1747186233676655e-11,1.02144268204039,1.000947885536332,6.093687440541281,77.38217132146659,654.5166971000001,0.0,0.0,6.093687440541281
exploration/batch-01/case-001,exploration family=combined seed=11 scale=0.85,tap_p4,COMPLETED_VALID,True,0,0,,40.0,40.0,0.0,2.190958525716269e-11,243.66380458042886,680.3145879589174,1085.2222358249996,0.8650456579220751,5.829583803490035e-11,1.03383596712443,1.0135917527420037,5.945244653467089,77.36485449657545,654.5166971000001,0.0,0.0,5.945244653467089
exploration/batch-01/case-001,exploration family=combined seed=11 scale=0.85,combined_0,COMPLETED_VALID,True,0,0,,40.0,47.60000000000002,2,3.760347588865898e-11,235.75775496508277,672.9774390708586,1085.2222358249996,0.8456718962129416,5.870108003878181e-11,1.03383596712443,1.0142284124145682,5.734145380738823,75.52540093702788,654.5166971000001,0.0,0.7799999999999996,6.514145380738823
exploration/batch-01/case-001,exploration family=combined seed=11 scale=0.85,combined_1,COMPLETED_VALID,True,0,0,,40.0,47.60000000000002,2,3.367328638148592e-11,235.76890998687531,672.9774390708586,1085.2222358249996,0.8456718962129416,5.870108003878181e-11,1.0337219612215702,1.0142284124145682,5.722990358950207,75.52540093702788,654.5166971000001,0.0,0.7799999999999996,6.502990358950206
exploration/batch-01/case-001,exploration family=combined seed=11 scale=0.85,combined_2,COMPLETED_VALID,True,0,0,,40.0,55.200000000000045,4,7.031752957686876e-11,227.84105439277232,665.6496080075159,1085.2222358249996,0.8263533568890112,6.079206634629701e-11,1.03383596712443,1.0143371885318435,5.543014889673601,73.68829478105583,654.5166971000001,0.0,1.5599999999999992,7.1030148896736005
exploration/batch-01/case-001,exploration family=combined seed=11 scale=0.85,combined_3,COMPLETED_VALID,True,0,0,,40.0,55.200000000000045,4,6.813616337808526e-11,227.86340526232073,665.6496080075159,1085.2222358249996,0.8263533568890112,6.079206634629701e-11,1.033607751385166,1.0143371885318435,5.520664020127492,73.68829478105583,654.5166971000001,0.0,1.5599999999999992,7.080664020127491
exploration/batch-01/case-001,exploration family=combined seed=11 scale=0.85,combined_4,COMPLETED_VALID,True,0,0,,40.0,70.4,8,5.0752291258504556e-11,211.97552791234546,651.0217578387426,1085.2222358249996,0.7878899896668601,4.533562328589955e-11,1.03383596712443,1.0145541897490093,5.220691201346718,70.02108884490838,654.5166971000001,7.105427357601002e-15,3.1199999999999983,8.340691201346717
exploration/batch-01/case-001,exploration family=combined seed=11 scale=0.85,combined_5,COMPLETED_VALID,True,0,0,,40.0,70.4,8,4.6709303092029586e-11,212.02039407552135,651.0217578387426,1085.2222358249996,0.7878899896668601,4.533562328589955e-11,1.033378716567452,1.0145541897490093,5.17582503817495,70.02108884490838,654.5166971000001,7.105427357601002e-15,3.1199999999999983,8.295825038174948
exploration/batch-01/case-001,exploration family=combined seed=11 scale=0.85,combined_6,COMPLETED_INFEASIBLE,False,19,0,storage capacity,39.99999999999999,85.59999999999997,12,3.881517329773487e-11,196.06687709961,636.4307567799301,1085.2222358249996,0.7496737176854832,4.34745048796576e-11,1.03383596712443,1.0147704610238344,4.978340955281649,66.36316561809764,654.5166971000001,-7.105427357601002e-15,4.679999999999998,9.658340955281647
exploration/batch-01/case-001,exploration family=combined seed=11 scale=0.85,combined_7,COMPLETED_INFEASIBLE,False,15,0,storage capacity,39.99999999999999,85.59999999999997,12,3.6704861372527375e-11,196.13442524895294,636.4307567799301,1085.2222358249996,0.7496737176854832,3.5492677118438614e-11,1.0331488559193307,1.0147704610238344,4.910792805940876,66.36316561809764,654.5166971000001,-7.105427357601002e-15,4.679999999999998,9.590792805940874
exploration/batch-02/case-000,exploration family=storage seed=11 scale=1.0,baseline,COMPLETED_INFEASIBLE,False,6,0,branch 0-1 current loading,40.0,40.0,0.0,3.205258281013812e-11,195.53045226815186,825.2787483334341,1276.7320419500008,1.045543207850872,5.933655404496739e-11,1.0081679225330096,0.9862086149428978,7.532951215249348,91.21185019320413,654.5166971000001,0.0,0.0,7.532951215249348
exploration/batch-02/case-000,exploration family=storage seed=11 scale=1.0,tap_m2,COMPLETED_INFEASIBLE,False,6,0,branch 0-1 current loading,40.0,40.0,0.0,3.0182079058249656e-11,195.4868736693341,825.4292039265167,1276.7320419500008,1.059103951082682,5.667972317565487e-11,0.995769073058208,0.9735293693297857,7.726985407151746,91.23792246691802,654.5166971000001,0.0,0.0,7.726985407151746
exploration/batch-02/case-000,exploration family=storage seed=11 scale=1.0,tap_p2,COMPLETED_INFEASIBLE,False,4,0,branch 0-1 current loading,40.0,40.0,0.0,2.90816259962412e-11,195.5724514294671,825.1339583608669,1276.7320419500008,1.0323293902911428,5.2286893541002265e-11,1.0205691909646586,0.9988832613513277,7.346162081370061,91.18676886671186,654.5166971000001,0.0,0.0,7.346162081370061
exploration/batch-02/case-000,exploration family=storage seed=11 scale=1.0,tap_p4,COMPLETED_INFEASIBLE,False,4,0,branch 0-1 current loading,40.0,40.0,0.0,2.1258550475522497e-11,195.61294629464194,824.9945515145067,1276.7320419500008,1.0194492031977853,4.617446264338624e-11,1.0329727935127333,1.011553485469669,7.16626036984269,91.16262851514738,654.5166971000001,0.0,0.0,7.16626036984269
exploration/batch-02/case-000,exploration family=storage seed=11 scale=1.0,storage_0,COMPLETED_INFEASIBLE,False,4,0,branch 0-1 current loading,40.0,47.60000000000002,2,3.0363045411263556e-11,187.61522753297163,817.9108783101332,1276.7320419500008,1.025578518774492,4.884128711844679e-11,1.0081679225330096,0.9868729256068808,7.300305927130545,89.36373469047005,654.5166971000001,0.0,0.7799999999999996,8.080305927130544
exploration/batch-02/case-000,exploration family=storage seed=11 scale=1.0,storage_1,COMPLETED_INFEASIBLE,False,4,0,branch 0-1 current loading,40.0,47.60000000000002,2,3.1912028575220575e-11,187.62777785038406,817.9108783101332,1276.7320419500008,1.025578518774492,4.884128711844679e-11,1.0080509196313878,0.9868729256068808,7.287755609716335,89.36373469047005,654.5166971000001,0.0,0.7799999999999996,8.067755609716334
exploration/batch-02/case-000,exploration family=storage seed=11 scale=1.0,storage_2,COMPLETED_INFEASIBLE,False,2,0,branch 0-1 current loading,40.0,55.200000000000045,4,3.8342218289244556e-11,179.6887747715025,810.5529102127504,1276.7320419500008,1.00566764827622,5.944062011047464e-11,1.0081679225330096,0.9870722242191722,7.0887905912086655,87.51811729310077,654.5166971000001,0.0,1.5599999999999992,8.648790591208664
exploration/batch-02/case-000,exploration family=storage seed=11 scale=1.0,storage_3,COMPLETED_INFEASIBLE,False,2,0,branch 0-1 current loading,40.0,55.200000000000045,4,3.759437205985705e-11,179.71392382478587,810.5529102127504,1276.7320419500008,1.00566764827622,5.944062011047464e-11,1.007933696538743,0.9870722242191722,7.063641537926156,87.51811729310077,654.5166971000001,0.0,1.5599999999999992,8.623641537926154
exploration/batch-02/case-000,exploration family=storage seed=11 scale=1.0,storage_4,COMPLETED_VALID,False,0,0,,40.0,70.4,8,3.284306160367123e-11,163.80199368196418,795.8665206356385,1276.7320419500008,0.9660130459627737,4.558491479350393e-11,1.0081679225330096,0.9872962913181771,6.729182103640608,83.83433641656191,654.5166971000001,7.105427357601002e-15,3.1199999999999983,9.849182103640606
exploration/batch-02/case-000,exploration family=storage seed=11 scale=1.0,storage_5,COMPLETED_VALID,False,0,0,,40.0,70.4,8,3.467448550509289e-11,163.85248686076227,795.8665206356385,1276.7320419500008,0.9660130459627737,4.390074245665099e-11,1.0076985859745358,0.9872962913181771,6.678688924840798,83.83433641656191,654.5166971000001,7.105427357601002e-15,3.1199999999999983,9.798688924840796
exploration/batch-02/case-000,exploration family=storage seed=11 scale=1.0,storage_6,COMPLETED_INFEASIBLE,False,19,0,storage capacity,39.99999999999999,85.59999999999997,12,4.643307960350285e-11,147.88182504953022,781.2313667511653,1276.7320419500008,0.9265920233285617,5.103876813441473e-11,1.0081679225330096,0.9875195612465298,6.454196851587791,80.16042748425943,654.5166971000001,-7.105427357601002e-15,4.679999999999998,11.134196851587788
exploration/batch-02/case-000,exploration family=storage seed=11 scale=1.0,storage_7,COMPLETED_INFEASIBLE,False,15,0,storage capacity,39.99999999999999,85.59999999999997,12,4.9828585702016426e-11,147.94575759705174,781.2192640887724,1276.7320419500008,0.9265920233285617,5.103876813441473e-11,1.0074625831672326,0.9875195612465298,6.378161641670243,80.16042748425943,654.5166971000001,-7.105427357601002e-15,4.679999999999998,11.05816164167024
exploration/batch-02/case-001,exploration family=combined seed=11 scale=1.0,baseline,COMPLETED_INFEASIBLE,False,6,0,branch 0-1 current loading,40.0,40.0,0.0,3.205258281013812e-11,195.53045226815186,825.2787483334341,1276.7320419500008,1.045543207850872,5.933655404496739e-11,1.0081679225330096,0.9862086149428978,7.532951215249348,91.21185019320413,654.5166971000001,0.0,0.0,7.532951215249348
exploration/batch-02/case-001,exploration family=combined seed=11 scale=1.0,tap_m2,COMPLETED_INFEASIBLE,False,6,0,branch 0-1 current loading,40.0,40.0,0.0,3.0182079058249656e-11,195.4868736693341,825.4292039265167,1276.7320419500008,1.059103951082682,5.667972317565487e-11,0.995769073058208,0.9735293693297857,7.726985407151746,91.23792246691802,654.5166971000001,0.0,0.0,7.726985407151746
exploration/batch-02/case-001,exploration family=combined seed=11 scale=1.0,tap_p2,COMPLETED_INFEASIBLE,False,4,0,branch 0-1 current loading,40.0,40.0,0.0,2.90816259962412e-11,195.5724514294671,825.1339583608669,1276.7320419500008,1.0323293902911428,5.2286893541002265e-11,1.0205691909646586,0.9988832613513277,7.346162081370061,91.18676886671186,654.5166971000001,0.0,0.0,7.346162081370061
exploration/batch-02/case-001,exploration family=combined seed=11 scale=1.0,tap_p4,COMPLETED_INFEASIBLE,False,4,0,branch 0-1 current loading,40.0,40.0,0.0,2.1258550475522497e-11,195.61294629464194,824.9945515145067,1276.7320419500008,1.0194492031977853,4.617446264338624e-11,1.0329727935127333,1.011553485469669,7.16626036984269,91.16262851514738,654.5166971000001,0.0,0.0,7.16626036984269
exploration/batch-02/case-001,exploration family=combined seed=11 scale=1.0,combined_0,COMPLETED_VALID,False,0,0,,40.0,47.60000000000002,2,2.897126982759346e-11,187.6937042373405,817.6340361983154,1276.7320419500008,0.999996808449277,5.4899863176113574e-11,1.0329727935127333,1.012200888236597,6.944987110945127,89.31666594618494,654.5166971000001,0.0,0.7799999999999996,7.7249871109451265
exploration/batch-02/case-001,exploration family=combined seed=11 scale=1.0,combined_1,COMPLETED_VALID,False,0,0,,40.0,47.60000000000002,2,3.131073178508359e-11,187.7056677762257,817.6340361983154,1276.7320419500008,0.999996808449277,5.4899863176113574e-11,1.0328585072946053,1.012200888236597,6.933023572057704,89.31666594618494,654.5166971000001,0.0,0.7799999999999996,7.713023572057703
exploration/batch-02/case-001,exploration family=combined seed=11 scale=1.0,combined_2,COMPLETED_VALID,False,0,0,,40.0,55.200000000000045,4,2.58757459903336e-11,179.76376214372684,810.2829207195006,1276.7320419500008,0.980595440179699,4.623927207477276e-11,1.0329727935127333,1.0123950339251646,6.743813725747023,87.47307373677957,654.5166971000001,0.0,1.5599999999999992,8.303813725747021
exploration/batch-02/case-001,exploration family=combined seed=11 scale=1.0,combined_3,COMPLETED_VALID,False,0,0,,40.0,55.200000000000045,4,2.978728375069295e-11,179.78773318700735,810.2829207195006,1276.7320419500008,0.980595440179699,4.623927207477276e-11,1.0327440161673629,1.0123950339251646,6.719842682462685,87.47307373677957,654.5166971000001,0.0,1.5599999999999992,8.279842682462684
exploration/batch-02/case-001,exploration family=combined seed=11 scale=1.0,combined_4,COMPLETED_VALID,False,0,0,,40.0,70.4,8,3.8546055236565735e-11,163.87160404887825,795.6087456779535,1276.7320419500008,0.9419513623388659,5.0541122569102067e-11,1.0329727935127333,1.0126132715752618,6.401796779035969,83.79296397660106,654.5166971000001,7.105427357601002e-15,3.1199999999999983,9.521796779035967
exploration/batch-02/case-001,exploration family=combined seed=11 scale=1.0,combined_5,COMPLETED_VALID,False,0,0,,40.0,70.4,8,4.430766864516045e-11,163.91972320663356,795.6087456779535,1276.7320419500008,0.9419513623388659,5.0541122569102067e-11,1.0325144158150767,1.0126132715752618,6.353677621274898,83.79296397660106,654.5166971000001,7.105427357601002e-15,3.1199999999999983,9.473677621274897
exploration/batch-02/case-001,exploration family=combined seed=11 scale=1.0,combined_6,COMPLETED_INFEASIBLE,False,19,0,storage capacity,39.99999999999999,85.59999999999997,12,4.132605369022713e-11,147.9470812842577,780.9827016201667,1276.7320419500008,0.9035293519773533,5.294386212717411e-11,1.0329727935127333,1.012830771162219,6.140275485866952,80.12222700848285,654.5166971000001,-7.105427357601002e-15,4.679999999999998,10.82027548586695
exploration/batch-02/case-001,exploration family=combined seed=11 scale=1.0,combined_7,COMPLETED_INFEASIBLE,False,15,0,storage capacity,39.99999999999999,85.59999999999997,12,4.8341775027438416e-11,148.0085680618353,780.9717416058138,1276.7320419500008,0.9035293519773533,5.294386212717411e-11,1.0322839856543942,1.012830771162219,6.067828693929576,80.12222700848285,654.5166971000001,-7.105427357601002e-15,4.679999999999998,10.747828693929574
exploration/batch-03/case-000,exploration family=storage seed=13 scale=0.7,baseline,COMPLETED_VALID,True,0,0,,40.0,40.0,0.0,1.4656720281891467e-11,300.5882004949999,553.0206132288715,893.7124283,0.7292482460211663,4.959044946276377e-11,1.0089876256638308,0.9903837339265322,5.38817093385695,63.63511285210405,646.6681865,0.0,0.0,5.38817093385695
exploration/batch-03/case-000,exploration family=storage seed=13 scale=0.7,tap_m2,COMPLETED_VALID,True,0,0,,40.0,40.0,0.0,3.589484265376086e-11,300.52169619074044,553.0912396272397,893.7124283,0.7386365550744635,4.8739589128686394e-11,0.9965988830478532,0.9777597558161351,5.525301636463412,63.64769748102841,646.6681865,0.0,0.0,5.525301636463412
exploration/batch-03/case-000,exploration family=storage seed=13 scale=0.7,tap_p2,COMPLETED_VALID,True,0,0,,40.0,40.0,0.0,1.4246381851990009e-12,300.6523037574025,552.9526283051504,893.7124283,0.7200975242300236,4.924700689842953e-11,1.021379027491082,1.003004568061877,5.256082747746458,63.6230018648305,646.6681865,0.0,0.0,5.256082747746458
exploration/batch-03/case-000,exploration family=storage seed=13 scale=0.7,tap_p4,COMPLETED_VALID,True,0,0,,40.0,40.0,0.0,-1.9949375484884513e-11,300.7141196655979,552.8871542518988,893.7124283,0.7111754130042102,4.901321767354608e-11,1.03377299532314,1.0156223773248254,5.128792786320841,63.611340920077616,646.6681865,0.0,0.0,5.128792786320841
exploration/batch-03/case-000,exploration family=storage seed=13 scale=0.7,storage_0,COMPLETED_VALID,True,0,0,,40.0,47.60000000000002,2,2.5932589409194406e-12,292.7004117639303,545.7007476429415,893.7124283,0.7094532144228061,4.959044946276377e-11,1.0088708842069594,0.9909394229991882,5.176094079008516,61.80064125572826,646.6681865,0.0,0.7799999999999996,5.9560940790085155
exploration/batch-03/case-000,exploration family=storage seed=13 scale=0.7,storage_1,COMPLETED_VALID,True,0,0,,40.0,47.60000000000002,2,-1.1592948823135885e-12,292.7133538707092,545.7007476429415,893.7124283,0.7094532144228061,4.959044946276377e-11,1.0088708842069594,0.9909394229991882,5.163151972233432,61.80064125572826,646.6681865,0.0,0.7799999999999996,5.943151972233431
exploration/batch-03/case-000,exploration family=storage seed=13 scale=0.7,storage_2,COMPLETED_VALID,True,0,0,,40.0,55.200000000000045,4,-2.0266011091507607e-11,284.80150182988626,538.3906071002305,893.7124283,0.6897226771360921,4.959044946276377e-11,1.008838098986511,0.9910504233009372,4.984863470364393,59.968617287138315,646.6681865,0.0,1.5599999999999992,6.544863470364392
exploration/batch-03/case-000,exploration family=storage seed=13 scale=0.7,storage_3,COMPLETED_VALID,True,0,0,,40.0,55.200000000000045,4,-2.2088553208732264e-11,284.82743571299216,538.3906071002305,893.7124283,0.6897226771360921,4.959044946276377e-11,1.0087539235341336,0.9910504233009372,4.958929587260379,59.968617287138315,646.6681865,0.0,1.5599999999999992,6.518929587260379
exploration/batch-03/case-000,exploration family=storage seed=13 scale=0.7,storage_4,COMPLETED_VALID,True,0,0,,40.0,70.4,8,-3.7565506261216797e-11,268.97012990382285,523.7993466881835,893.7124283,0.6504677990989305,4.959044946276377e-11,1.008838098986511,0.9912718357688993,4.664974984398148,56.3118731840967,646.6681865,7.105427357601002e-15,3.1199999999999983,7.784974984398146
exploration/batch-03/case-000,exploration family=storage seed=13 scale=0.7,storage_5,COMPLETED_VALID,True,0,0,,40.0,70.4,8,-4.100364492387598e-11,269.0221977836917,523.7993466881835,893.7124283,0.6504677990989305,4.959044946276377e-11,1.00851934076642,0.9912718357688993,4.612907104532799,56.3118731840967,646.6681865,7.105427357601002e-15,3.1199999999999983,7.7329071045327975
exploration/batch-03/case-000,exploration family=storage seed=13 scale=0.7,storage_6,COMPLETED_INFEASIBLE,False,19,0,storage capacity,39.99999999999999,85.59999999999997,12,-3.374100998598806e-11,253.09370426050418,509.24652577432744,893.7124283,0.6115130878486575,4.959044946276377e-11,1.008838098986511,0.9914924693479785,4.428579713856997,52.664803128487826,646.6681865,-7.105427357601002e-15,4.679999999999998,9.108579713856994
exploration/batch-03/case-000,exploration family=storage seed=13 scale=0.7,storage_7,COMPLETED_INFEASIBLE,False,15,0,storage capacity,39.99999999999999,85.59999999999997,12,-3.512568014230055e-11,253.17210915946217,509.24652577432744,893.7124283,0.6115130878486575,4.959044946276377e-11,1.0083491329753642,0.9914924693479785,4.350174814900425,52.664803128487826,646.6681865,-7.105427357601002e-15,4.679999999999998,9.030174814900423
exploration/batch-03/case-001,exploration family=combined seed=13 scale=0.7,baseline,COMPLETED_VALID,True,0,0,,40.0,40.0,0.0,1.4656720281891467e-11,300.5882004949999,553.0206132288715,893.7124283,0.7292482460211663,4.959044946276377e-11,1.0089876256638308,0.9903837339265322,5.38817093385695,63.63511285210405,646.6681865,0.0,0.0,5.38817093385695
exploration/batch-03/case-001,exploration family=combined seed=13 scale=0.7,tap_m2,COMPLETED_VALID,True,0,0,,40.0,40.0,0.0,3.589484265376086e-11,300.52169619074044,553.0912396272397,893.7124283,0.7386365550744635,4.8739589128686394e-11,0.9965988830478532,0.9777597558161351,5.525301636463412,63.64769748102841,646.6681865,0.0,0.0,5.525301636463412
exploration/batch-03/case-001,exploration family=combined seed=13 scale=0.7,tap_p2,COMPLETED_VALID,True,0,0,,40.0,40.0,0.0,1.4246381851990009e-12,300.6523037574025,552.9526283051504,893.7124283,0.7200975242300236,4.924700689842953e-11,1.021379027491082,1.003004568061877,5.256082747746458,63.6230018648305,646.6681865,0.0,0.0,5.256082747746458
exploration/batch-03/case-001,exploration family=combined seed=13 scale=0.7,tap_p4,COMPLETED_VALID,True,0,0,,40.0,40.0,0.0,-1.9949375484884513e-11,300.7141196655979,552.8871542518988,893.7124283,0.7111754130042102,4.901321767354608e-11,1.03377299532314,1.0156223773248254,5.128792786320841,63.611340920077616,646.6681865,0.0,0.0,5.128792786320841
exploration/batch-03/case-001,exploration family=combined seed=13 scale=0.7,combined_0,COMPLETED_VALID,True,0,0,,40.0,47.60000000000002,2,-4.0988767935346004e-11,292.8210381824306,545.5722066666747,893.7124283,0.6918803121828341,4.7521606380516754e-11,1.0336589524908173,1.016164088040243,4.92692668428507,61.77832469591328,646.6681865,0.0,0.7799999999999996,5.70692668428507
exploration/batch-03/case-001,exploration family=combined seed=13 scale=0.7,combined_1,COMPLETED_VALID,True,0,0,,40.0,47.60000000000002,2,-4.392153307719582e-11,292.8333774981949,545.5722066666747,893.7124283,0.6918803121828341,4.7521606380516754e-11,1.0336589524908173,1.016164088040243,4.91458736852361,61.77832469591328,646.6681865,0.0,0.7799999999999996,5.694587368523609
exploration/batch-03/case-001,exploration family=combined seed=13 scale=0.7,combined_2,COMPLETED_VALID,True,0,0,,40.0,55.200000000000045,4,-3.7272851471925605e-11,284.9173537031384,538.266499319824,893.7124283,0.6726467120219916,4.3639892090097365e-11,1.033626974419636,1.0162722506369062,4.7449038167227835,59.947633313611945,646.6681865,0.0,1.5599999999999992,6.304903816722783
exploration/batch-03/case-001,exploration family=combined seed=13 scale=0.7,combined_3,COMPLETED_VALID,True,0,0,,40.0,55.200000000000045,4,-3.7755132353822773e-11,284.9420774497591,538.266499319824,893.7124283,0.6726467120219916,4.0055291553094204e-11,1.0335447056139426,1.0162722506369062,4.7201800701027,59.947633313611945,646.6681865,0.0,1.5599999999999992,6.280180070102698
exploration/batch-03/case-001,exploration family=combined seed=13 scale=0.7,combined_4,COMPLETED_VALID,True,0,0,,40.0,70.4,8,-3.276046101063912e-11,269.07800458641134,523.6826657808208,893.7124283,0.6343764441188957,4.3639892090097365e-11,1.033626974419636,1.0164880308547004,4.4404193944422055,56.29318981067172,646.6681865,7.105427357601002e-15,3.1199999999999983,7.560419394442204
exploration/batch-03/case-001,exploration family=combined seed=13 scale=0.7,combined_5,COMPLETED_VALID,True,0,0,,40.0,70.4,8,-3.0456526189936994e-11,269.12763378175555,523.6826657808208,893.7124283,0.6343764441188957,3.885192083077482e-11,1.0333155963815093,1.0164880308547004,4.390790199095692,56.29318981067172,646.6681865,7.105427357601002e-15,3.1199999999999983,7.51079019909569
exploration/batch-03/case-001,exploration family=combined seed=13 scale=0.7,combined_6,COMPLETED_INFEASIBLE,False,19,0,storage capacity,39.99999999999999,85.59999999999997,12,-3.001154880166723e-11,253.1957268984028,509.13537682980245,893.7124283,0.5963934172987867,4.3639892090097365e-11,1.033626974419636,1.0167030891017625,4.215408131429697,52.647940470848596,646.6681865,-7.105427357601002e-15,4.679999999999998,8.895408131429695
exploration/batch-03/case-001,exploration family=combined seed=13 scale=0.7,combined_7,COMPLETED_INFEASIBLE,False,15,0,storage capacity,39.99999999999999,85.59999999999997,12,-2.6290969401543407e-11,253.27044575910367,509.13537682980245,893.7124283,0.5963934172987867,3.885192083077482e-11,1.0331495028605693,1.0167030891017625,4.140689270725022,52.647940470848596,646.6681865,-7.105427357601002e-15,4.679999999999998,8.820689270725019
exploration/batch-04/case-000,exploration family=storage seed=13 scale=0.85,baseline,COMPLETED_VALID,True,0,0,,40.0,40.0,0.0,-1.1972645097557688e-11,245.7147543094862,690.5602019622584,1085.2222358249996,0.8871076783180245,5.869413746950698e-11,1.0081019312016635,0.9883003027349101,6.291398327784613,77.40015978574255,646.6681865,0.0,0.0,6.291398327784613
exploration/batch-04/case-000,exploration family=storage seed=13 scale=0.85,tap_m2,COMPLETED_VALID,True,0,0,,40.0,40.0,0.0,-2.8466118351389014e-12,245.66036990068343,690.6669672411322,1085.2222358249996,0.8985706331742276,5.106958087401285e-11,0.9957023482066555,0.9756488568753958,6.452548015451957,77.41885533160168,646.6681865,0.0,0.0,6.452548015451957
exploration/batch-04/case-000,exploration family=storage seed=13 scale=0.85,tap_p2,COMPLETED_VALID,True,0,0,,40.0,40.0,0.0,-9.733547301493672e-12,245.76717115555363,690.4574436084965,1085.2222358249996,0.875936385888771,5.1747186233676655e-11,1.0205039185787197,1.000947885536332,6.136223127953101,77.38217132146659,646.6681865,0.0,0.0,6.136223127953101
exploration/batch-04/case-000,exploration family=storage seed=13 scale=0.85,tap_p4,COMPLETED_VALID,True,0,0,,40.0,40.0,0.0,1.0773604230962519e-11,245.81771384026518,690.3584932165297,1085.2222358249996,0.8650456579220751,5.829583803490035e-11,1.0329082258680229,1.0135917527420037,5.986730051254112,77.36485449657545,646.6681865,0.0,0.0,5.986730051254112
exploration/batch-04/case-000,exploration family=storage seed=13 scale=0.85,storage_0,COMPLETED_VALID,True,0,0,,40.0,47.60000000000002,2,1.0120571047878002e-11,237.81319659975048,683.2159652985741,1085.2222358249996,0.8672278530129947,6.209146892354131e-11,1.0079848879950777,0.9889534911864977,6.0687193738138765,75.55890600130851,646.6681865,0.0,0.7799999999999996,6.848719373813876
exploration/batch-04/case-000,exploration family=storage seed=13 scale=0.85,storage_1,COMPLETED_VALID,True,0,0,,40.0,47.60000000000002,2,1.2495560142156137e-11,237.82699787422845,683.2159652985741,1085.2222358249996,0.8672278530129947,6.209146892354131e-11,1.0079848879950777,0.9889534911864977,6.054918099333446,75.55890600130851,646.6681865,0.0,0.7799999999999996,6.8349180993334455
exploration/batch-04/case-000,exploration family=storage seed=13 scale=0.85,storage_2,COMPLETED_VALID,True,0,0,,40.0,55.200000000000045,4,7.254197242900773e-12,229.90046406520187,675.8815431620691,1085.2222358249996,0.8474061164696866,5.2141166772359736e-11,1.0079536581207424,0.9890651541898775,5.867029771860384,73.72012485337018,646.6681865,0.0,1.5599999999999992,7.427029771860383
exploration/batch-04/case-000,exploration family=storage seed=13 scale=0.85,storage_3,COMPLETED_VALID,True,0,0,,40.0,55.200000000000045,4,1.142419492339286e-11,229.9281198117286,675.8815431620691,1085.2222358249996,0.8474061164696866,5.2141166772359736e-11,1.007867624470083,0.9890651541898775,5.839374025329453,73.72012485337018,646.6681865,0.0,1.5599999999999992,7.399374025329452
exploration/batch-04/case-000,exploration family=storage seed=13 scale=0.85,storage_4,COMPLETED_VALID,True,0,0,,40.0,70.4,8,5.658140622699648e-11,214.04128454654514,661.2419856408001,1085.2222358249996,0.8079451224191082,5.826922456083465e-11,1.0079536581207424,0.9892878852002568,5.526651769198599,70.04994075166164,646.6681865,7.105427357601002e-15,3.1199999999999983,8.646651769198598
exploration/batch-04/case-000,exploration family=storage seed=13 scale=0.85,storage_5,COMPLETED_VALID,True,0,0,,40.0,70.4,8,6.300027166616928e-11,214.0968103710079,661.2419856408001,1085.2222358249996,0.8079451224191082,5.826922456083465e-11,1.007632432659664,0.9892878852002568,5.47112594472956,70.04994075166164,646.6681865,7.105427357601002e-15,3.1199999999999983,8.591125944729558
exploration/batch-04/case-000,exploration family=storage seed=13 scale=0.85,storage_6,COMPLETED_INFEASIBLE,False,19,0,storage capacity,39.99999999999999,85.59999999999997,12,4.1536551975696057e-11,198.39889466769426,646.9032809523721,1085.2222358249996,0.768743249861411,4.563333102273319e-11,1.0079536581207424,0.9895098282688563,5.270336959636698,66.38952875016425,646.6681865,-7.105427357601002e-15,4.679999999999998,9.950336959636696
exploration/batch-04/case-000,exploration family=storage seed=13 scale=0.85,storage_7,COMPLETED_INFEASIBLE,False,15,0,storage capacity,39.99999999999999,85.59999999999997,12,4.922462437662034e-11,198.22044556221852,646.64121849032,1085.2222358249996,0.768743249861411,4.563333102273319e-11,1.007445320096009,0.9895098282688563,5.18672360305273,66.38952875016425,646.6681865,-7.105427357601002e-15,4.679999999999998,9.866723603052728
exploration/batch-04/case-001,exploration family=combined seed=13 scale=0.85,baseline,COMPLETED_VALID,True,0,0,,40.0,40.0,0.0,-1.1972645097557688e-11,245.7147543094862,690.5602019622584,1085.2222358249996,0.8871076783180245,5.869413746950698e-11,1.0081019312016635,0.9883003027349101,6.291398327784613,77.40015978574255,646.6681865,0.0,0.0,6.291398327784613
exploration/batch-04/case-001,exploration family=combined seed=13 scale=0.85,tap_m2,COMPLETED_VALID,True,0,0,,40.0,40.0,0.0,-2.8466118351389014e-12,245.66036990068343,690.6669672411322,1085.2222358249996,0.8985706331742276,5.106958087401285e-11,0.9957023482066555,0.9756488568753958,6.452548015451957,77.41885533160168,646.6681865,0.0,0.0,6.452548015451957
exploration/batch-04/case-001,exploration family=combined seed=13 scale=0.85,tap_p2,COMPLETED_VALID,True,0,0,,40.0,40.0,0.0,-9.733547301493672e-12,245.76717115555363,690.4574436084965,1085.2222358249996,0.875936385888771,5.1747186233676655e-11,1.0205039185787197,1.000947885536332,6.136223127953101,77.38217132146659,646.6681865,0.0,0.0,6.136223127953101
exploration/batch-04/case-001,exploration family=combined seed=13 scale=0.85,tap_p4,COMPLETED_VALID,True,0,0,,40.0,40.0,0.0,1.0773604230962519e-11,245.81771384026518,690.3584932165297,1085.2222358249996,0.8650456579220751,5.829583803490035e-11,1.0329082258680229,1.0135917527420037,5.986730051254112,77.36485449657545,646.6681865,0.0,0.0,5.986730051254112
exploration/batch-04/case-001,exploration family=combined seed=13 scale=0.85,combined_0,COMPLETED_VALID,True,0,0,,40.0,47.60000000000002,2,2.776867624731949e-11,237.91150363766005,683.0204051752424,1085.2222358249996,0.8456718962129416,5.870108003878181e-11,1.0327939020908026,1.0142284124145682,5.774852212555005,75.52540093702788,646.6681865,0.0,0.7799999999999996,6.554852212555004
exploration/batch-04/case-001,exploration family=combined seed=13 scale=0.85,combined_1,COMPLETED_VALID,True,0,0,,40.0,47.60000000000002,2,2.9651614497083756e-11,237.9246586451444,683.0204051752424,1085.2222358249996,0.8456718962129416,5.870108003878181e-11,1.0327939020908026,1.0142284124145682,5.761697205068793,75.52540093702788,646.6681865,0.0,0.7799999999999996,6.541697205068792
exploration/batch-04/case-001,exploration family=combined seed=13 scale=0.85,combined_2,COMPLETED_VALID,True,0,0,,40.0,55.200000000000045,4,6.159561749541353e-11,229.99464172929623,675.6916381475352,1085.2222358249996,0.8263533568890112,6.079206634629701e-11,1.03276344033815,1.0143371885318435,5.582947093177805,73.68829478105583,646.6681865,0.0,1.5599999999999992,7.1429470931778045
exploration/batch-04/case-001,exploration family=combined seed=13 scale=0.85,combined_3,COMPLETED_VALID,True,0,0,,40.0,55.200000000000045,4,6.470246560752457e-11,230.02100004317785,675.6916381475352,1085.2222358249996,0.8263533568890112,6.079206634629701e-11,1.0326793732920483,1.0143371885318435,5.556588779292997,73.68829478105583,646.6681865,0.0,1.5599999999999992,7.1165887792929965
exploration/batch-04/case-001,exploration family=combined seed=13 scale=0.85,combined_4,COMPLETED_VALID,True,0,0,,40.0,70.4,8,4.318767565791859e-11,214.12879030544812,661.0619255353066,1085.2222358249996,0.7878899896668601,4.533562328589955e-11,1.03276344033815,1.0145541897490093,5.259085904815846,70.02108884490838,646.6681865,7.105427357601002e-15,3.1199999999999983,8.379085904815845
exploration/batch-04/case-001,exploration family=combined seed=13 scale=0.85,combined_5,COMPLETED_VALID,True,0,0,,40.0,70.4,8,4.773426098836353e-11,214.1817014612226,661.0619255353066,1085.2222358249996,0.7878899896668601,4.533562328589955e-11,1.0324496972561712,1.0145541897490093,5.20617474903669,70.02108884490838,646.6681865,7.105427357601002e-15,3.1199999999999983,8.326174749036689
exploration/batch-04/case-001,exploration family=combined seed=13 scale=0.85,combined_6,COMPLETED_INFEASIBLE,False,19,0,storage capacity,39.99999999999999,85.59999999999997,12,3.183941998941009e-11,198.48096937365776,646.7302324414615,1085.2222358249996,0.7496737176854832,3.5492677118438614e-11,1.03276344033815,1.0147704610238344,5.015213742772241,66.36316561809764,646.6681865,-7.105427357601002e-15,4.679999999999998,9.69521374277224
exploration/batch-04/case-001,exploration family=combined seed=13 scale=0.85,combined_7,COMPLETED_INFEASIBLE,False,15,0,storage capacity,39.99999999999999,85.59999999999997,12,3.7477576597666484e-11,198.2994727023323,646.4690745463944,1085.2222358249996,0.7496737176854832,3.5492677118438614e-11,1.0322670936266043,1.0147704610238344,4.935552519025007,66.36316561809764,646.6681865,-7.105427357601002e-15,4.679999999999998,9.615552519025005
exploration/batch-05/case-000,exploration family=storage seed=13 scale=1.0,baseline,COMPLETED_INFEASIBLE,False,6,0,branch 0-1 current loading,40.0,40.0,0.0,3.199929210495611e-11,195.3487366490384,833.010346841092,1276.7320419500008,1.045543207850872,5.933655404496739e-11,1.0072147671219163,0.9862086149428978,7.597754742020758,91.21185019320413,646.6681865,0.0,0.0,7.597754742020758
exploration/batch-05/case-000,exploration family=storage seed=13 scale=1.0,tap_m2,COMPLETED_INFEASIBLE,False,6,0,branch 0-1 current loading,40.0,40.0,0.0,1.3727685654885136e-11,195.3049998553925,833.1623292995819,1276.7320419500008,1.059103951082682,4.643984737405002e-11,0.9948042889999904,0.9735293693297857,7.793473994174889,91.23792246691802,646.6681865,0.0,0.0,7.793473994174889
exploration/batch-05/case-000,exploration family=storage seed=13 scale=1.0,tap_p2,COMPLETED_INFEASIBLE,False,4,0,branch 0-1 current loading,40.0,40.0,0.0,2.7530866475444782e-11,195.39088793633562,832.8640875796181,1276.7320419500008,1.0323293902911428,5.2286893541002265e-11,1.0196273922268853,0.9988832613513277,7.4093441932541095,91.18676886671186,646.6681865,0.0,0.0,7.4093441932541095
exploration/batch-05/case-000,exploration family=storage seed=13 scale=1.0,tap_p4,COMPLETED_INFEASIBLE,False,4,0,branch 0-1 current loading,40.0,40.0,0.0,2.3220536604640074e-11,195.43152916693546,832.7232661454427,1276.7320419500008,1.0194492031977853,4.617446264338624e-11,1.0320420887277637,1.011553485469669,7.227881528483266,91.16262851514738,646.6681865,0.0,0.0,7.227881528483266
exploration/batch-05/case-000,exploration family=storage seed=13 scale=1.0,storage_0,COMPLETED_INFEASIBLE,False,4,0,branch 0-1 current loading,40.0,47.60000000000002,2,3.06632497171222e-11,187.4333333468783,825.6414797151003,1276.7320419500008,1.025578518774492,4.884128711844679e-11,1.0070974204371674,0.9868729256068808,7.364290918190596,89.36373469047005,646.6681865,0.0,0.7799999999999996,8.144290918190595
exploration/batch-05/case-000,exploration family=storage seed=13 scale=1.0,storage_1,COMPLETED_INFEASIBLE,False,4,0,branch 0-1 current loading,40.0,47.60000000000002,2,3.214384314276231e-11,187.4480035648311,825.6414797151003,1276.7320419500008,1.025578518774492,4.884128711844679e-11,1.0070974204371674,0.9868729256068808,7.349620700236417,89.36373469047005,646.6681865,0.0,0.7799999999999996,8.129620700236417
exploration/batch-05/case-000,exploration family=storage seed=13 scale=1.0,storage_2,COMPLETED_INFEASIBLE,False,2,0,branch 0-1 current loading,40.0,55.200000000000045,4,3.924105484998108e-11,179.83255121982094,818.6083681862372,1276.7320419500008,1.00566764827622,5.944062011047464e-11,1.0070677514736166,0.9870722242191722,7.151961516376145,87.51811729310077,646.6681865,0.0,1.5599999999999992,8.711961516376144
exploration/batch-05/case-000,exploration family=storage seed=13 scale=1.0,storage_3,COMPLETED_INFEASIBLE,False,2,0,branch 0-1 current loading,40.0,55.200000000000045,4,4.1603609446383416e-11,179.53609835170155,818.282518094947,1276.7320419500008,1.00566764827622,5.944062011047464e-11,1.0069798523221563,0.9870722242191722,7.122564293203093,87.51811729310077,646.6681865,0.0,1.5599999999999992,8.682564293203091
exploration/batch-05/case-000,exploration family=storage seed=13 scale=1.0,storage_4,COMPLETED_VALID,False,0,0,,40.0,70.4,8,3.4158453843247116e-11,164.94641190326897,804.9210055948234,1276.7320419500008,0.9660130459627737,4.390074245665099e-11,1.0070677514736166,0.9872962913181771,6.790738241519481,83.83433641656191,646.6681865,7.105427357601002e-15,3.1199999999999983,9.910738241519478
exploration/batch-05/case-000,exploration family=storage seed=13 scale=1.0,storage_5,COMPLETED_VALID,False,0,0,,40.0,70.4,8,3.76010333980048e-11,163.6785816686503,803.5941521156141,1276.7320419500008,0.9660130459627737,4.390074245665099e-11,1.0067440479657497,0.9872962913181771,6.731714996925376,83.83433641656191,646.6681865,7.105427357601002e-15,3.1199999999999983,9.851714996925374
exploration/batch-05/case-000,exploration family=storage seed=13 scale=1.0,storage_6,COMPLETED_INFEASIBLE,False,19,0,storage capacity,39.99999999999999,85.59999999999997,12,4.860378766124995e-11,150.997146373055,792.2551577129765,1276.7320419500008,0.9265920233285617,5.3153490518903055e-11,1.0070677514736166,0.9875195612465298,6.514155889872099,80.16042748425943,646.6681865,-7.105427357601002e-15,4.679999999999998,11.194155889872096
exploration/batch-05/case-000,exploration family=storage seed=13 scale=1.0,storage_7,COMPLETED_INFEASIBLE,False,15,0,storage capacity,39.99999999999999,85.59999999999997,12,5.2594373300962616e-11,147.7758032654047,788.9449331992087,1276.7320419500008,0.9265920233285617,5.3153490518903055e-11,1.0065399750833448,0.9875195612465298,6.425274483750629,80.16042748425943,646.6681865,-7.105427357601002e-15,4.679999999999998,11.105274483750627
exploration/batch-05/case-001,exploration family=combined seed=13 scale=1.0,baseline,COMPLETED_INFEASIBLE,False,6,0,branch 0-1 current loading,40.0,40.0,0.0,3.199929210495611e-11,195.3487366490384,833.010346841092,1276.7320419500008,1.045543207850872,5.933655404496739e-11,1.0072147671219163,0.9862086149428978,7.597754742020758,91.21185019320413,646.6681865,0.0,0.0,7.597754742020758
exploration/batch-05/case-001,exploration family=combined seed=13 scale=1.0,tap_m2,COMPLETED_INFEASIBLE,False,6,0,branch 0-1 current loading,40.0,40.0,0.0,1.3727685654885136e-11,195.3049998553925,833.1623292995819,1276.7320419500008,1.059103951082682,4.643984737405002e-11,0.9948042889999904,0.9735293693297857,7.793473994174889,91.23792246691802,646.6681865,0.0,0.0,7.793473994174889
exploration/batch-05/case-001,exploration family=combined seed=13 scale=1.0,tap_p2,COMPLETED_INFEASIBLE,False,4,0,branch 0-1 current loading,40.0,40.0,0.0,2.7530866475444782e-11,195.39088793633562,832.8640875796181,1276.7320419500008,1.0323293902911428,5.2286893541002265e-11,1.0196273922268853,0.9988832613513277,7.4093441932541095,91.18676886671186,646.6681865,0.0,0.0,7.4093441932541095
exploration/batch-05/case-001,exploration family=combined seed=13 scale=1.0,tap_p4,COMPLETED_INFEASIBLE,False,4,0,branch 0-1 current loading,40.0,40.0,0.0,2.3220536604640074e-11,195.43152916693546,832.7232661454427,1276.7320419500008,1.0194492031977853,4.617446264338624e-11,1.0320420887277637,1.011553485469669,7.227881528483266,91.16262851514738,646.6681865,0.0,0.0,7.227881528483266
exploration/batch-05/case-001,exploration family=combined seed=13 scale=1.0,combined_0,COMPLETED_VALID,False,0,0,,40.0,47.60000000000002,2,3.1072699968603956e-11,187.5121206522041,825.3618037435211,1276.7320419500008,0.999996808449277,5.4899863176113574e-11,1.0319274824729214,1.012200888236597,7.005827641285173,89.31666594618494,646.6681865,0.0,0.7799999999999996,7.785827641285173
exploration/batch-05/case-001,exploration family=combined seed=13 scale=1.0,combined_1,COMPLETED_VALID,False,0,0,,40.0,47.60000000000002,2,3.1994629168252686e-11,187.5261001959909,825.3618037435211,1276.7320419500008,0.999996808449277,5.4899863176113574e-11,1.0319274824729214,1.012200888236597,6.991848097497306,89.31666594618494,646.6681865,0.0,0.7799999999999996,7.771848097497306
exploration/batch-05/case-001,exploration family=combined seed=13 scale=1.0,combined_2,COMPLETED_VALID,False,0,0,,40.0,55.200000000000045,4,2.87321277880892e-11,179.90710991207206,818.3348430080387,1276.7320419500008,0.980595440179699,4.623927207477276e-11,1.0318985421978555,1.0123950339251646,6.803877645937154,87.47307373677957,646.6681865,0.0,1.5599999999999992,8.363877645937153
exploration/batch-05/case-001,exploration family=combined seed=13 scale=1.0,combined_3,COMPLETED_VALID,False,0,0,,40.0,55.200000000000045,4,3.0329072586710026e-11,179.61002193927965,818.0097444118571,1276.7320419500008,0.980595440179699,4.623927207477276e-11,1.0318126702105392,1.0123950339251646,6.775867022546294,87.47307373677957,646.6681865,0.0,1.5599999999999992,8.335867022546292
exploration/batch-05/case-001,exploration family=combined seed=13 scale=1.0,combined_4,COMPLETED_VALID,False,0,0,,40.0,70.4,8,4.1870507061503304e-11,165.0155688833558,804.6597438102945,1276.7320419500008,0.9419513623388659,5.2595705008986135e-11,1.0318985421978555,1.0126132715752618,6.4603194768959264,83.79296397660106,646.6681865,7.105427357601002e-15,3.1199999999999983,9.580319476895925
exploration/batch-05/case-001,exploration family=combined seed=13 scale=1.0,combined_5,COMPLETED_VALID,False,0,0,,40.0,70.4,8,4.4283687827828544e-11,163.74574516847176,803.3336912804176,1276.7320419500008,0.9419513623388659,5.2595705008986135e-11,1.0315824242637135,1.0126132715752618,6.4040906619006215,83.79296397660106,646.6681865,7.105427357601002e-15,3.1199999999999983,9.524090661900619
exploration/batch-05/case-001,exploration family=combined seed=13 scale=1.0,combined_6,COMPLETED_INFEASIBLE,False,19,0,storage capacity,39.99999999999999,85.59999999999997,12,4.490896543529743e-11,151.06193389356295,792.0030622108392,1276.7320419500008,0.9035293519773533,5.294386212717411e-11,1.0318985421978555,1.012830771162219,6.197272867230551,80.12222700848285,646.6681865,-7.105427357601002e-15,4.679999999999998,10.877272867230548
exploration/batch-05/case-001,exploration family=combined seed=13 scale=1.0,combined_7,COMPLETED_INFEASIBLE,False,15,0,storage capacity,39.99999999999999,85.59999999999997,12,4.7774229017250036e-11,147.83835094649984,788.6948218033023,1276.7320419500008,0.9035293519773533,5.294386212717411e-11,1.031383258777659,1.012830771162219,6.1126154067538225,80.12222700848285,646.6681865,-7.105427357601002e-15,4.679999999999998,10.792615406753821
confirmation/batch-00/case-000,confirmation seed=41 scale=0.7,baseline,COMPLETED_VALID,True,0,0,,40.0,40.0,0.0,3.2871483313101635e-11,315.852573084343,547.066690777308,893.7124283,0.7292482460211663,4.765797784337894e-11,1.0106358999966873,0.9903837339265322,5.701159392932125,63.63511285210405,668.19947,0.0,0.0,5.701159392932125
confirmation/batch-00/case-000,confirmation seed=41 scale=0.7,tap_m2,COMPLETED_VALID,True,0,0,,40.0,40.0,0.0,5.055422747091143e-11,315.77793771794273,547.1369150991427,893.7124283,0.7386365550744635,3.865077259199315e-11,0.9982670963281531,0.9777597558161351,5.8460190811494295,63.64769748102841,668.19947,0.0,0.0,5.8460190811494295
confirmation/batch-00/case-000,confirmation seed=41 scale=0.7,tap_p2,COMPLETED_VALID,True,0,0,,40.0,40.0,0.0,2.453592884421596e-11,315.92451913468506,546.9990930112305,893.7124283,0.7200975242300236,4.9963458387712e-11,1.0230078233128925,1.003004568061877,5.561615576520828,63.6230018648305,668.19947,0.0,0.0,5.561615576520828
confirmation/batch-00/case-000,confirmation seed=41 scale=0.7,tap_p4,COMPLETED_VALID,True,0,0,,40.0,40.0,0.0,2.2210677741441032e-11,315.99390290274044,546.9339919271691,893.7124283,0.7111754130042102,4.425186027915183e-11,1.0353827576766912,1.0156223773248254,5.427130724406497,63.611340920077616,668.19947,0.0,0.0,5.427130724406497
confirmation/batch-00/case-000,confirmation seed=41 scale=0.7,combined_loss,COMPLETED_VALID,True,0,0,,40.0,47.60000000000002,2,7.681633107381458e-12,308.12620316599737,539.6188977293162,893.7124283,0.6918803121828341,4.38242280305336e-11,1.035269263810824,1.016164088040243,5.19973626331116,61.77832469591328,668.19947,0.0,0.7799999999999996,5.9797362633111595
confirmation/batch-00/case-000,confirmation seed=41 scale=0.7,combined_peak,COMPLETED_VALID,True,0,0,,40.0,70.4,8,-1.538325022920617e-12,284.4254415799971,517.7289199663913,893.7124283,0.6343764441188957,4.425186027915183e-11,1.0349275658824475,1.0164880308547004,4.670520086395814,56.29318981067172,668.19947,7.105427357601002e-15,3.1199999999999983,7.790520086395812
confirmation/batch-00/case-000,confirmation seed=41 scale=0.7,storage_loss,COMPLETED_VALID,True,0,0,,40.0,47.60000000000002,2,1.9865664668827776e-11,307.9913959772165,539.7466709613524,893.7124283,0.7094532144228061,4.634133986313663e-11,1.0105197478710248,0.9909394229991882,5.462316684115993,61.80064125572826,668.19947,0.0,0.7799999999999996,6.242316684115992
confirmation/batch-00/case-000,confirmation seed=41 scale=0.7,storage_peak,COMPLETED_VALID,True,0,0,,40.0,70.4,8,6.409983654975804e-12,284.3054443949959,517.8448105901311,893.7124283,0.6504677990989305,4.5009725382382e-11,1.0101699851293582,0.9912718357688993,4.906407895128792,56.3118731840967,668.19947,7.105427357601002e-15,3.1199999999999983,8.026407895128791
confirmation/batch-00/case-001,confirmation seed=41 scale=0.85,baseline,COMPLETED_VALID,True,0,0,,40.0,40.0,0.0,3.398969994350409e-11,260.3265491490892,683.9154877132567,1085.2222358249996,0.8871076783180245,5.869413746950698e-11,1.0097529771541458,0.9883003027349101,6.566172739133779,77.40015978574255,668.19947,0.0,0.0,6.566172739133779
confirmation/batch-00/case-001,confirmation seed=41 scale=0.85,tap_m2,COMPLETED_VALID,True,0,0,,40.0,40.0,0.0,3.2229330315658444e-11,260.2650613967386,684.0219384119173,1085.2222358249996,0.8985706331742276,5.141823325323781e-11,0.9973734354966814,0.9756488568753958,6.734111190146963,77.41885533160168,668.19947,0.0,0.0,6.734111190146963
confirmation/batch-00/case-001,confirmation seed=41 scale=0.85,tap_p2,COMPLETED_VALID,True,0,0,,40.0,40.0,0.0,2.913580487984291e-11,260.3858172552234,683.8130320878599,1085.2222358249996,0.875936385888771,5.1747186233676655e-11,1.0221353883922386,1.000947885536332,6.404449007607777,77.38217132146659,668.19947,0.0,0.0,6.404449007607777
confirmation/batch-00/case-001,confirmation seed=41 scale=0.85,tap_p4,COMPLETED_VALID,True,0,0,,40.0,40.0,0.0,3.983835483722942e-11,260.4429708000482,683.7143731634026,1085.2222358249996,0.8650456579220751,5.829583803490035e-11,1.0345205690754868,1.0135917527420037,6.2486365383148925,77.36485449657545,668.19947,0.0,0.0,6.2486365383148925
confirmation/batch-00/case-001,confirmation seed=41 scale=0.85,combined_loss,COMPLETED_VALID,True,0,0,,40.0,47.60000000000002,2,4.320876989538647e-11,252.56301838623097,676.3761372781111,1085.2222358249996,0.8456718962129416,5.870108003878181e-11,1.034406797160451,1.0142284124145682,6.010353066837262,75.52540093702788,668.19947,0.0,0.7799999999999996,6.790353066837262
confirmation/batch-00/case-001,confirmation seed=41 scale=0.85,combined_peak,COMPLETED_VALID,True,0,0,,40.0,70.4,8,4.0755843144779647e-11,228.82203255930165,654.4172171075726,1085.2222358249996,0.7878899896668601,4.533562328589955e-11,1.0340642592809417,1.0145541897490093,5.452418723230551,70.02108884490838,668.19947,7.105427357601002e-15,3.1199999999999983,8.572418723230548
confirmation/batch-00/case-001,confirmation seed=41 scale=0.85,storage_loss,COMPLETED_VALID,True,0,0,,40.0,47.60000000000002,2,5.0637494197758315e-11,252.45252858056904,676.5710954566986,1085.2222358249996,0.8672278530129947,6.209146892354131e-11,1.0096365265384777,0.9889534911864977,6.315801051079274,75.55890600130851,668.19947,0.0,0.7799999999999996,7.095801051079273
confirmation/batch-00/case-001,confirmation seed=41 scale=0.85,storage_peak,COMPLETED_VALID,True,0,0,,40.0,70.4,8,7.116973677057103e-11,228.72438612157603,654.5966523411338,1085.2222358249996,0.8079451224191082,5.826922456083465e-11,1.0092858617885594,0.9892878852002568,5.729500394486988,70.04994075166164,668.19947,7.105427357601002e-15,3.1199999999999983,8.849500394486986
confirmation/batch-01/case-000,confirmation seed=41 scale=1.0,baseline,COMPLETED_INFEASIBLE,False,6,0,branch 0-1 current loading,40.0,40.0,0.0,4.268407849394862e-11,211.42742614711253,827.7940859799983,1276.7320419500008,1.045543207850872,5.933655404496739e-11,1.0088685982567096,0.9862086149428978,7.834087882842203,91.21185019320413,668.19947,0.0,0.0,7.834087882842203
confirmation/batch-01/case-000,confirmation seed=41 scale=1.0,tap_m2,COMPLETED_INFEASIBLE,False,6,0,branch 0-1 current loading,40.0,40.0,0.0,3.632294465205632e-11,211.3771676609592,827.9453838125953,1276.7320419500008,1.059103951082682,4.643984737405002e-11,0.9964782647079279,0.9735293693297857,8.035644201598927,91.23792246691802,668.19947,0.0,0.0,8.035644201598927
confirmation/batch-01/case-000,confirmation seed=41 scale=1.0,tap_p2,COMPLETED_INFEASIBLE,False,4,0,branch 0-1 current loading,40.0,40.0,0.0,3.211209076425803e-11,211.47586697129282,827.6484856175392,1276.7320419500008,1.0323293902911428,5.2286893541002265e-11,1.021261548805915,0.9988832613513277,7.640046696213578,91.18676886671186,668.19947,0.0,0.0,7.640046696213578
confirmation/batch-01/case-000,confirmation seed=41 scale=1.0,tap_p4,COMPLETED_INFEASIBLE,False,4,0,branch 0-1 current loading,40.0,40.0,0.0,1.7534418361719872e-11,211.52257638408196,827.508298634641,1276.7320419500008,1.0194492031977853,4.796346176075477e-11,1.0336570248281904,1.011553485469669,7.453150300540729,91.16262851514738,668.19947,0.0,0.0,7.453150300540729
confirmation/batch-01/case-000,confirmation seed=41 scale=1.0,combined_loss,COMPLETED_VALID,False,0,0,,40.0,47.60000000000002,2,2.2894353080005203e-11,203.63031104219678,820.1466871389345,1276.7320419500008,0.999996808449277,5.4899863176113574e-11,1.033542973354881,1.012200888236597,7.203804146713808,89.31666594618494,668.19947,0.0,0.7799999999999996,7.9838041467138074
confirmation/batch-01/case-000,confirmation seed=41 scale=1.0,combined_peak,COMPLETED_VALID,False,0,0,,40.0,70.4,8,2.596500792151346e-11,179.84888331918756,798.1181304372825,1276.7320419500008,0.9419513623388659,5.293585977338933e-11,1.0331995909510507,1.0126132715752618,6.616675168068082,83.79296397660106,668.19947,7.105427357601002e-15,3.1199999999999983,9.73667516806808
confirmation/batch-01/case-000,confirmation seed=41 scale=1.0,storage_loss,COMPLETED_INFEASIBLE,False,4,0,branch 0-1 current loading,40.0,47.60000000000002,2,3.63351571053272e-11,203.54049585263422,820.4250618768463,1276.7320419500008,1.025578518774492,4.884128711844679e-11,1.008751847451623,0.9868729256068808,7.571994074174899,89.36373469047005,668.19947,0.0,0.7799999999999996,8.351994074174899
confirmation/batch-01/case-000,confirmation seed=41 scale=1.0,storage_peak,COMPLETED_VALID,False,0,0,,40.0,70.4,8,2.7328361795753153e-11,179.7699228609411,798.3772667149107,1276.7320419500008,0.9660130459627737,4.390074245665099e-11,1.0084002755399697,0.9872962913181771,6.954771903941333,83.83433641656191,668.19947,7.105427357601002e-15,3.1199999999999983,10.074771903941333
confirmation/batch-01/case-001,confirmation seed=43 scale=0.7,baseline,COMPLETED_VALID,True,0,0,,40.0,40.0,0.0,3.537525827823629e-11,307.0421798102716,544.5312036942538,893.7124283,0.7292482460211663,4.273580274108903e-11,1.0106590928154073,0.9903837339265322,5.61421668394676,63.63511285210405,661.8376211,0.0,0.0,5.61421668394676
confirmation/batch-01/case-001,confirmation seed=43 scale=0.7,tap_m2,COMPLETED_VALID,True,0,0,,40.0,40.0,0.0,4.141931242429564e-11,306.969594265849,544.6012934886301,893.7124283,0.7386365550744635,4.838832649386629e-11,0.99829056726145,0.9777597558161351,5.756892022739484,63.64769748102841,661.8376211,0.0,0.0,5.756892022739484
confirmation/batch-01/case-001,confirmation seed=43 scale=0.7,tap_p2,COMPLETED_VALID,True,0,0,,40.0,40.0,0.0,2.723954395378314e-11,307.1121498305391,544.4637352356003,893.7124283,0.7200975242300236,4.768602378846438e-11,1.023030744352733,1.003004568061877,5.476778205033884,63.6230018648305,661.8376211,0.0,0.0,5.476778205033884
confirmation/batch-01/case-001,confirmation seed=43 scale=0.7,tap_p4,COMPLETED_VALID,True,0,0,,40.0,40.0,0.0,1.929922888166402e-11,307.17962787835194,544.3987585082994,893.7124283,0.7111754130042102,4.674066772278796e-11,1.0354054130656571,1.0156223773248254,5.344323429927981,63.611340920077616,661.8376211,0.0,0.0,5.344323429927981
confirmation/batch-01/case-001,confirmation seed=43 scale=0.7,combined_loss,COMPLETED_VALID,True,0,0,,40.0,47.60000000000002,2,1.514322001128221e-11,299.3099286157576,537.0845470167536,893.7124283,0.6918803121828341,3.8410108304438426e-11,1.0352919271790035,1.016164088040243,5.119811200980799,61.77832469591328,661.8376211,0.0,0.7799999999999996,5.899811200980798
confirmation/batch-01/case-001,confirmation seed=43 scale=0.7,combined_peak,COMPLETED_VALID,True,0,0,,40.0,70.4,8,3.653077840226615e-12,275.585565560026,515.1971995555953,893.7124283,0.6343764441188957,4.674066772278796e-11,1.034950253349968,1.0164880308547004,4.616826795565528,56.29318981067172,661.8376211,7.105427357601002e-15,3.1199999999999983,7.736826795565526
confirmation/batch-01/case-001,confirmation seed=43 scale=0.7,storage_loss,COMPLETED_VALID,True,0,0,,40.0,47.60000000000002,2,2.21678231326905e-11,299.17890662437947,537.2121124089075,893.7124283,0.7094532144228061,4.4177312885746546e-11,1.0105429492528168,0.9909394229991882,5.378398584505791,61.80064125572826,661.8376211,0.0,0.7799999999999996,6.1583985845057905
confirmation/batch-01/case-001,confirmation seed=43 scale=0.7,storage_peak,COMPLETED_VALID,True,0,0,,40.0,70.4,8,1.2393641668495547e-11,275.4682039123376,515.3130179313459,893.7124283,0.6504677990989305,2.768836443946935e-11,1.0101932123824455,0.9912718357688993,4.850006818995891,56.3118731840967,661.8376211,7.105427357601002e-15,3.1199999999999983,7.9700068189958895
confirmation/batch-02/case-000,confirmation seed=43 scale=0.85,baseline,COMPLETED_VALID,True,0,0,,40.0,40.0,0.0,3.9399594697897555e-11,254.22932964040558,684.1063878094085,1085.2222358249996,0.8871076783180245,5.869413746950698e-11,1.009772764240785,0.9883003027349101,6.4924434439637295,77.40015978574255,661.8376211,0.0,0.0,6.4924434439637295
confirmation/batch-02/case-000,confirmation seed=43 scale=0.85,tap_m2,COMPLETED_VALID,True,0,0,,40.0,40.0,0.0,3.487610200636482e-11,254.1697186111058,684.2128536860444,1085.2222358249996,0.8985706331742276,4.986330716046519e-11,0.9973934601774942,0.9756488568753958,6.6585203499040775,77.41885533160168,661.8376211,0.0,0.0,6.6585203499040775
confirmation/batch-02/case-000,confirmation seed=43 scale=0.85,tap_p2,COMPLETED_VALID,True,0,0,,40.0,40.0,0.0,2.9049651573131996e-11,254.28678893465155,684.0039171456823,1085.2222358249996,0.875936385888771,5.1747186233676655e-11,1.0221549433074955,1.000947885536332,6.332513486002026,77.38217132146659,661.8376211,0.0,0.0,6.332513486002026
confirmation/batch-02/case-000,confirmation seed=43 scale=0.85,tap_p4,COMPLETED_VALID,True,0,0,,40.0,40.0,0.0,3.433164863508864e-11,254.3421983535255,683.9052433414124,1085.2222358249996,0.8650456579220751,5.829583803490035e-11,1.0345398970639643,1.0135917527420037,6.178430262852773,77.36485449657545,661.8376211,0.0,0.0,6.178430262852773
confirmation/batch-02/case-000,confirmation seed=43 scale=0.85,combined_loss,COMPLETED_VALID,True,0,0,,40.0,47.60000000000002,2,4.4046322145163685e-11,246.46023588718379,676.5678975719966,1085.2222358249996,0.8456718962129416,5.870108003878181e-11,1.0344261320824077,1.0142284124145682,5.943046959768973,75.52540093702788,661.8376211,0.0,0.7799999999999996,6.723046959768972
confirmation/batch-02/case-000,confirmation seed=43 scale=0.85,combined_peak,COMPLETED_VALID,True,0,0,,40.0,70.4,8,4.086952998250126e-11,222.69553051067743,654.6116296877746,1085.2222358249996,0.7878899896668601,5.013377046605632e-11,1.0340836151436092,1.0145541897490093,5.411484452056527,70.02108884490838,661.8376211,7.105427357601002e-15,3.1199999999999983,8.531484452056525
confirmation/batch-02/case-000,confirmation seed=43 scale=0.85,storage_loss,COMPLETED_VALID,True,0,0,,40.0,47.60000000000002,2,5.036926431500888e-11,246.35320141540117,676.7629322835754,1085.2222358249996,0.8672278530129947,6.209146892354131e-11,1.0096563210675678,0.9889534911864977,6.245116143124359,75.55890600130851,661.8376211,0.0,0.7799999999999996,7.025116143124358
confirmation/batch-02/case-000,confirmation seed=43 scale=0.85,storage_peak,COMPLETED_VALID,True,0,0,,40.0,70.4,8,7.272760171872505e-11,222.60017786674152,654.7912793780512,1085.2222358249996,0.8079451224191082,5.826922456083465e-11,1.0093056788030021,0.9892878852002568,5.686486786237228,70.04994075166164,661.8376211,7.105427357601002e-15,3.1199999999999983,8.806486786237226
confirmation/batch-02/case-001,confirmation seed=43 scale=1.0,baseline,COMPLETED_INFEASIBLE,False,6,0,branch 0-1 current loading,40.0,40.0,0.0,3.68762798075295e-11,208.8287726330764,831.4968496259792,1276.7320419500008,1.045543207850872,5.933655404496739e-11,1.0088849683683578,0.9862086149428978,7.773656142865051,91.21185019320413,661.8376211,0.0,0.0,7.773656142865051
confirmation/batch-02/case-001,confirmation seed=43 scale=1.0,tap_m2,COMPLETED_INFEASIBLE,False,6,0,branch 0-1 current loading,40.0,40.0,0.0,4.1229242242479813e-11,208.77966849916848,831.6477672453093,1276.7320419500008,1.059103951082682,5.819287992896127e-11,0.9964948314820651,0.9735293693297857,7.973677896098632,91.23792246691802,661.8376211,0.0,0.0,7.973677896098632
confirmation/batch-02/case-001,confirmation seed=43 scale=1.0,tap_p2,COMPLETED_INFEASIBLE,False,4,0,branch 0-1 current loading,40.0,40.0,0.0,2.2663648735488096e-11,208.876100791818,831.3516148741488,1276.7320419500008,1.0323293902911428,5.2286893541002265e-11,1.0212777267460182,0.9988832613513277,7.581093232307313,91.18676886671186,661.8376211,0.0,0.0,7.581093232307313
confirmation/batch-02/case-001,confirmation seed=43 scale=1.0,tap_p4,COMPLETED_INFEASIBLE,False,4,0,branch 0-1 current loading,40.0,40.0,0.0,2.0120793919886637e-11,208.92173725115939,831.211779644747,1276.7320419500008,1.0194492031977853,4.617446264338624e-11,1.0336730149400761,1.011553485469669,7.395621543566564,91.16262851514738,661.8376211,0.0,0.0,7.395621543566564
confirmation/batch-02/case-001,confirmation seed=43 scale=1.0,combined_loss,COMPLETED_VALID,False,0,0,,40.0,47.60000000000002,2,2.6020741117349644e-11,201.02745123202124,823.851065785184,1276.7320419500008,0.999996808449277,5.4899863176113574e-11,1.033558969343009,1.012200888236597,7.14919370313588,89.31666594618494,661.8376211,0.0,0.7799999999999996,7.929193703135879
confirmation/batch-02/case-001,confirmation seed=43 scale=1.0,combined_peak,COMPLETED_VALID,False,0,0,,40.0,70.4,8,2.573674606765053e-11,177.4914930823109,802.0944919428478,1276.7320419500008,0.9419513623388659,5.095735096209797e-11,1.0332156046864056,1.0126132715752618,6.588578010510288,83.79296397660106,661.8376211,7.105427357601002e-15,3.1199999999999983,9.708578010510287
confirmation/batch-02/case-001,confirmation seed=43 scale=1.0,storage_loss,COMPLETED_INFEASIBLE,False,4,0,branch 0-1 current loading,40.0,47.60000000000002,2,2.7678970226929778e-11,200.93972299122896,824.1287705825946,1276.7320419500008,1.025578518774492,4.884128711844679e-11,1.0087682238721611,0.9868729256068808,7.514626741337031,89.36373469047005,661.8376211,0.0,0.7799999999999996,8.29462674133703
confirmation/batch-02/case-001,confirmation seed=43 scale=1.0,storage_peak,COMPLETED_VALID,False,0,0,,40.0,70.4,8,2.6466828728644032e-11,177.41434061747628,802.3539932184061,1276.7320419500008,0.9660130459627737,4.390074245665099e-11,1.0084166710206868,0.9872962913181771,6.925231750902434,83.83433641656191,661.8376211,7.105427357601002e-15,3.1199999999999983,10.045231750902431
confirmation/batch-03/case-000,confirmation seed=47 scale=0.7,baseline,COMPLETED_VALID,True,0,0,,40.0,40.0,0.0,2.7505109301273478e-11,312.4529585872023,549.0639013136171,893.7124283,0.7297729380813335,4.389397344083702e-11,1.011001183290678,0.9903837339265322,5.67284772638687,63.63511285210405,662.7743332999997,0.0,0.0,5.67284772638687
confirmation/batch-03/case-000,confirmation seed=47 scale=0.7,tap_m2,COMPLETED_VALID,True,0,0,,40.0,40.0,0.0,3.810107784829597e-11,312.37938227428765,549.1344890213074,893.7124283,0.7388112668109766,4.697981474344682e-11,0.9986367774940631,0.9777597558161351,5.817011746981377,63.64769748102841,662.7743332999997,0.0,0.0,5.817011746981377
confirmation/batch-03/case-000,confirmation seed=47 scale=0.7,tap_p2,COMPLETED_VALID,True,0,0,,40.0,40.0,0.0,1.2352785461189342e-11,312.52388347049697,548.995953609621,893.7124283,0.7209508391021869,5.005464861731812e-11,1.0233688095677893,1.003004568061877,5.533975139111288,63.6230018648305,662.7743332999997,0.0,0.0,5.533975139111288
confirmation/batch-03/case-000,confirmation seed=47 scale=0.7,tap_p4,COMPLETED_VALID,True,0,0,,40.0,40.0,0.0,1.177813402364336e-11,312.5922821838554,548.9305153792437,893.7124283,0.7123373790555628,4.436549004723012e-11,1.0357395443877906,1.0156223773248254,5.400138195376303,63.611340920077616,662.7743332999997,0.0,0.0,5.400138195376303
confirmation/batch-03/case-000,confirmation seed=47 scale=0.7,combined_loss,COMPLETED_VALID,True,0,0,,40.0,47.60000000000002,2,2.3383517344655047e-12,304.7199408338317,541.615505825834,893.7124283,0.6918803121828341,4.436549004723012e-11,1.0356261719463422,1.016164088040243,5.177469991999623,61.77832469591328,662.7743332999997,0.0,0.7799999999999996,5.957469991999623
confirmation/batch-03/case-000,confirmation seed=47 scale=0.7,combined_peak,COMPLETED_VALID,True,0,0,,40.0,70.4,8,-1.6288304038880597e-11,280.9843998778325,519.7257802867878,893.7124283,0.6343764441188957,4.436549004723012e-11,1.035284840776013,1.0164880308547004,4.6832854089712175,56.29318981067172,662.7743332999997,7.105427357601002e-15,3.1199999999999983,7.803285408971216
confirmation/batch-03/case-000,confirmation seed=47 scale=0.7,storage_loss,COMPLETED_VALID,True,0,0,,40.0,47.60000000000002,2,1.556332840380037e-11,304.5869152341633,541.7439705401895,893.7124283,0.7094532144228061,4.473172605520511e-11,1.0108851614761727,0.9909394229991882,5.438960306010229,61.80064125572826,662.7743332999997,0.0,0.7799999999999996,6.218960306010229
confirmation/batch-03/case-000,confirmation seed=47 scale=0.7,storage_peak,COMPLETED_VALID,True,0,0,,40.0,70.4,8,7.807976487583801e-12,280.86447799790795,519.8423754064938,893.7124283,0.6504677990989305,4.148191346605291e-11,1.0105357924659886,0.9912718357688993,4.919802408577688,56.3118731840967,662.7743332999997,7.105427357601002e-15,3.1199999999999983,8.039802408577685
confirmation/batch-03/case-001,confirmation seed=47 scale=0.85,baseline,COMPLETED_VALID,True,0,0,,40.0,40.0,0.0,2.943600918570155e-11,259.86134189307376,688.8626946013972,1085.2222358249996,0.8871076783180245,5.869413746950698e-11,1.0101154299499915,0.9883003027349101,6.553450183294112,77.40015978574255,662.7743332999997,0.0,0.0,6.553450183294112
confirmation/batch-03/case-001,confirmation seed=47 scale=0.85,tap_m2,COMPLETED_VALID,True,0,0,,40.0,40.0,0.0,2.8395064077813004e-11,259.80070836964916,688.9696966212409,1085.2222358249996,0.8985706331742276,5.121976092786758e-11,0.9977402668057812,0.9756488568753958,6.721085726563414,77.41885533160168,662.7743332999997,0.0,0.0,6.721085726563414
confirmation/batch-03/case-001,confirmation seed=47 scale=0.85,tap_p2,COMPLETED_VALID,True,0,0,,40.0,40.0,0.0,1.587530107372004e-11,259.9197864337623,688.7597081416084,1085.2222358249996,0.875936385888771,5.1747186233676655e-11,1.0224935635738661,1.000947885536332,6.392019182830195,77.38217132146659,662.7743332999997,0.0,0.0,6.392019182830195
confirmation/batch-03/case-001,confirmation seed=47 scale=0.85,tap_p4,COMPLETED_VALID,True,0,0,,40.0,40.0,0.0,2.8631319537453237e-11,259.97614563462497,688.6605378646616,1085.2222358249996,0.8650456579220751,5.829583803490035e-11,1.034874564178516,1.0135917527420037,6.236489705008143,77.36485449657545,662.7743332999997,0.0,0.0,6.236489705008143
confirmation/batch-03/case-001,confirmation seed=47 scale=0.85,combined_loss,COMPLETED_VALID,True,0,0,,40.0,47.60000000000002,2,3.443800800084773e-11,252.09152866707203,681.3223873347616,1085.2222358249996,0.8456718962129416,5.870108003878181e-11,1.0347609132403974,1.0142284124145682,6.0029561426552895,75.52540093702788,662.7743332999997,0.0,0.7799999999999996,6.782956142655289
confirmation/batch-03/case-001,confirmation seed=47 scale=0.85,combined_peak,COMPLETED_VALID,True,0,0,,40.0,70.4,8,4.4283687827828544e-11,228.31557929655398,659.3637214975076,1085.2222358249996,0.7878899896668601,4.533562328589955e-11,1.034418740773602,1.0145541897490093,5.480239675909328,70.02108884490838,662.7743332999997,7.105427357601002e-15,3.1199999999999983,8.600239675909325
confirmation/batch-03/case-001,confirmation seed=47 scale=0.85,storage_loss,COMPLETED_VALID,True,0,0,,40.0,47.60000000000002,2,3.592393049700604e-11,251.98242984405084,681.5183921742272,1085.2222358249996,0.8672278530129947,6.209146892354131e-11,1.0099991091981697,0.9889534911864977,6.308059805140576,75.55890600130851,662.7743332999997,0.0,0.7799999999999996,7.088059805140575
confirmation/batch-03/case-001,confirmation seed=47 scale=0.85,storage_peak,COMPLETED_VALID,True,0,0,,40.0,70.4,8,6.319034184798511e-11,228.21759890631904,659.5442166295056,1085.2222358249996,0.8079451224191082,5.826922456083465e-11,1.0096488368356968,0.9892878852002568,5.758715198123487,70.04994075166164,662.7743332999997,7.105427357601002e-15,3.1199999999999983,8.878715198123485
confirmation/batch-04/case-000,confirmation seed=47 scale=1.0,baseline,COMPLETED_INFEASIBLE,False,6,0,branch 0-1 current loading,40.0,40.0,0.0,3.409095228334991e-11,212.36473748351065,834.1595284144429,1276.7320419500008,1.045543207850872,5.933655404496739e-11,1.0092282121261056,0.9862086149428978,7.837082280897008,91.21185019320413,662.7743332999997,0.0,0.0,7.837082280897008
confirmation/batch-04/case-000,confirmation seed=47 scale=1.0,tap_m2,COMPLETED_INFEASIBLE,False,6,0,branch 0-1 current loading,40.0,40.0,0.0,2.609823468446848e-11,212.3148551010782,834.3112987571571,1276.7320419500008,1.059103951082682,4.643984737405002e-11,0.9968422374957971,0.9735293693297857,8.038735006051915,91.23792246691802,662.7743332999997,0.0,0.0,8.038735006051915
confirmation/batch-04/case-000,confirmation seed=47 scale=1.0,tap_p2,COMPLETED_INFEASIBLE,False,4,0,branch 0-1 current loading,40.0,40.0,0.0,2.9184654692926415e-11,212.41281547116884,834.0134732885564,1276.7320419500008,1.0323293902911428,5.2286893541002265e-11,1.0216169047152384,0.9988832613513277,7.64294916735722,91.18676886671186,662.7743332999997,0.0,0.0,7.64294916735722
confirmation/batch-04/case-000,confirmation seed=47 scale=1.0,tap_p4,COMPLETED_INFEASIBLE,False,4,0,branch 0-1 current loading,40.0,40.0,0.0,2.5561774918969604e-11,212.45917470447895,833.8728484071535,1276.7320419500008,1.0194492031977853,4.617446264338624e-11,1.0340082203466496,1.011553485469669,7.455965052647702,91.16262851514738,662.7743332999997,0.0,0.0,7.455965052647702
confirmation/batch-04/case-000,confirmation seed=47 scale=1.0,combined_loss,COMPLETED_VALID,False,0,0,,40.0,47.60000000000002,2,3.381717128547734e-11,204.562221666472,826.5113229884136,1276.7320419500008,0.999996808449277,5.4899863176113574e-11,1.0338942893963619,1.012200888236597,7.2113926719064585,89.31666594618494,662.7743332999997,0.0,0.7799999999999996,7.991392671906458
confirmation/batch-04/case-000,confirmation seed=47 scale=1.0,combined_peak,COMPLETED_VALID,False,0,0,,40.0,70.4,8,3.4567015916309174e-11,182.24781706999377,805.9851953527266,1276.7320419500008,0.9419513623388659,5.2728166535427506e-11,1.0335512710397237,1.0126132715752618,6.659669632697039,83.79296397660106,662.7743332999997,7.105427357601002e-15,3.1199999999999983,9.779669632697036
confirmation/batch-04/case-000,confirmation seed=47 scale=1.0,storage_loss,COMPLETED_INFEASIBLE,False,4,0,branch 0-1 current loading,40.0,47.60000000000002,2,3.342814913764869e-11,204.4728902408538,826.7905949399175,1276.7320419500008,1.025578518774492,4.884128711844679e-11,1.0091115907306485,0.9868729256068808,7.579996049029174,89.36373469047005,662.7743332999997,0.0,0.7799999999999996,8.359996049029174
confirmation/batch-04/case-000,confirmation seed=47 scale=1.0,storage_peak,COMPLETED_VALID,False,0,0,,40.0,70.4,8,3.33226779503093e-11,182.16925759388178,806.2469033884556,1276.7320419500008,0.9660130459627737,4.390074245665099e-11,1.0087604098415306,0.9872962913181771,6.999937144539431,83.83433641656191,662.7743332999997,7.105427357601002e-15,3.1199999999999983,10.11993714453943
confirmation/batch-04/case-001,confirmation seed=53 scale=0.7,baseline,COMPLETED_VALID,True,0,0,,40.0,40.0,0.0,1.8665957668417832e-11,308.34320934733177,545.4022569008899,893.7124283,0.7362917549345194,4.8809331426572304e-11,1.011095967533239,0.9903837339265322,5.603070253539251,63.63511285210405,662.2564509999997,0.0,0.0,5.603070253539251
confirmation/batch-04/case-001,confirmation seed=53 scale=0.7,tap_m2,COMPLETED_VALID,True,0,0,,40.0,40.0,0.0,2.560085476943641e-11,308.27064969396315,545.4720969341313,893.7124283,0.7454092050228875,4.776161352709165e-11,0.9987327021216285,0.9777597558161351,5.745469940142222,63.64769748102841,662.2564509999997,0.0,0.0,5.745469940142222
confirmation/batch-04/case-001,confirmation seed=53 scale=0.7,tap_p2,COMPLETED_VALID,True,0,0,,40.0,40.0,0.0,1.567901364296631e-11,308.413154151078,545.3350291381438,893.7124283,0.7273923717176886,4.3183344601280965e-11,1.0234624795453424,1.003004568061877,5.465897687049856,63.6230018648305,662.2564509999997,0.0,0.0,5.465897687049856
confirmation/batch-04/case-001,confirmation seed=53 scale=0.7,tap_p4,COMPLETED_VALID,True,0,0,,40.0,40.0,0.0,1.453592801681225e-11,308.48060764159,545.270284473241,893.7124283,0.7187034026181529,3.8240407589523135e-11,1.0358321253569518,1.0156223773248254,5.333699531636073,63.611340920077616,662.2564509999997,0.0,0.0,5.333699531636073
confirmation/batch-04/case-001,confirmation seed=53 scale=0.7,combined_loss,COMPLETED_VALID,True,0,0,,40.0,47.60000000000002,2,1.0795586646850097e-11,300.6076210115918,537.9555602245165,893.7124283,0.6975650587850526,3.3059955177519267e-11,1.0357187843191962,1.016164088040243,5.111961912913649,61.77832469591328,662.2564509999997,0.0,0.7799999999999996,5.891961912913648
confirmation/batch-04/case-001,confirmation seed=53 scale=0.7,combined_peak,COMPLETED_VALID,True,0,0,,40.0,70.4,8,-1.4290790772975015e-12,276.8792310178231,516.0666848390582,893.7124283,0.6343764441188957,3.8240407589523135e-11,1.0353775480025675,1.0164880308547004,4.6114765212361775,56.29318981067172,662.2564509999997,7.105427357601002e-15,3.1199999999999983,7.731476521236176
confirmation/batch-04/case-001,confirmation seed=53 scale=0.7,storage_loss,COMPLETED_VALID,True,0,0,,40.0,47.60000000000002,2,1.3492984507479377e-11,300.47648788387994,538.0826262503426,893.7124283,0.7146454104159025,4.217872855841985e-11,1.0109799794185488,0.9909394229991882,5.3701610664488815,61.80064125572826,662.2564509999997,0.0,0.7799999999999996,6.150161066448881
confirmation/batch-04/case-001,confirmation seed=53 scale=0.7,storage_peak,COMPLETED_VALID,True,0,0,,40.0,70.4,8,-2.9105606813573104e-12,276.7615420625048,516.1819251164259,893.7124283,0.6504677990989305,4.8809331426572304e-11,1.0106307122313687,0.9912718357688993,4.844405753923706,56.3118731840967,662.2564509999997,7.105427357601002e-15,3.1199999999999983,7.964405753923704
confirmation/batch-05/case-000,confirmation seed=53 scale=0.85,baseline,COMPLETED_VALID,True,0,0,,40.0,40.0,0.0,3.446221086278456e-11,253.09078076516934,682.5355267281808,1085.2222358249996,0.8871076783180245,5.869413746950698e-11,1.0102103734416785,0.9883003027349101,6.478961137977065,77.40015978574255,662.2564509999997,0.0,0.0,6.478961137977065
confirmation/batch-05/case-000,confirmation seed=53 scale=0.85,tap_m2,COMPLETED_VALID,True,0,0,,40.0,40.0,0.0,2.9023894398960692e-11,253.03123196831146,682.6417193250904,1085.2222358249996,0.8985706331742276,5.0537769505512954e-11,0.9978363565357043,0.9756488568753958,6.644702531750079,77.41885533160168,662.2564509999997,0.0,0.0,6.644702531750079
confirmation/batch-05/case-000,confirmation seed=53 scale=0.85,tap_p2,COMPLETED_VALID,True,0,0,,40.0,40.0,0.0,3.1959324076069606e-11,253.14817991426472,682.4333194775974,1085.2222358249996,0.875936385888771,5.1747186233676655e-11,1.0225873872178426,1.000947885536332,6.3193547383008175,77.38217132146659,662.2564509999997,0.0,0.0,6.3193547383008175
confirmation/batch-05/case-000,confirmation seed=53 scale=0.85,tap_p4,COMPLETED_VALID,True,0,0,,40.0,40.0,0.0,4.6766146510890394e-11,253.20353118722815,682.3348996864308,1085.2222358249996,0.8650456579220751,5.829583803490035e-11,1.0349672934866425,1.0135917527420037,6.165583674156169,77.36485449657545,662.2564509999997,0.0,0.0,6.165583674156169
confirmation/batch-05/case-000,confirmation seed=53 scale=0.85,combined_loss,COMPLETED_VALID,True,0,0,,40.0,47.60000000000002,2,5.859823737353054e-11,245.31826546173002,674.9970368568834,1085.2222358249996,0.8456718962129416,5.870108003878181e-11,1.0348536741176817,1.0142284124145682,5.932986570094991,75.52540093702788,662.2564509999997,0.0,0.7799999999999996,6.712986570094991
confirmation/batch-05/case-000,confirmation seed=53 scale=0.85,combined_peak,COMPLETED_VALID,True,0,0,,40.0,70.4,8,5.375166978183188e-11,221.5494953855623,653.0392282812584,1085.2222358249996,0.7878899896668601,4.533562328589955e-11,1.0345115970061256,1.0145541897490093,5.403948070642421,70.02108884490838,662.2564509999997,7.105427357601002e-15,3.1199999999999983,8.523948070642419
confirmation/batch-05/case-000,confirmation seed=53 scale=0.85,storage_loss,COMPLETED_VALID,True,0,0,,40.0,47.60000000000002,2,4.98221464084736e-11,245.21118676643988,675.1915270752653,1085.2222358249996,0.8672278530129947,6.209146892354131e-11,1.0100940865758838,0.9889534911864977,6.234555483775639,75.55890600130851,662.2564509999997,0.0,0.7799999999999996,7.014555483775639
confirmation/batch-05/case-000,confirmation seed=53 scale=0.85,storage_peak,COMPLETED_VALID,True,0,0,,40.0,70.4,8,8.133671514087837e-11,221.45387835105822,653.2182533926041,1085.2222358249996,0.8079451224191082,5.826922456083465e-11,1.0097439166011226,0.9892878852002568,5.678590216464675,70.04994075166164,662.2564509999997,7.105427357601002e-15,3.1199999999999983,8.798590216464675
confirmation/batch-05/case-001,confirmation seed=53 scale=1.0,baseline,COMPLETED_INFEASIBLE,False,6,0,branch 0-1 current loading,40.0,40.0,0.0,5.611511255665391e-11,203.54319601618062,825.7766024421256,1276.7320419500008,1.045543207850872,5.933655404496739e-11,1.0093233156454686,0.9862086149428978,7.757815475887856,91.21185019320413,662.2564509999997,0.0,0.0,7.757815475887856
confirmation/batch-05/case-001,confirmation seed=53 scale=1.0,tap_m2,COMPLETED_INFEASIBLE,False,6,0,branch 0-1 current loading,40.0,40.0,0.0,4.2014391965494724e-11,203.49411356754413,825.9271452289745,1276.7320419500008,1.059103951082682,4.643984737405002e-11,0.9969384931550378,0.9735293693297857,7.957440711387385,91.23792246691802,662.2564509999997,0.0,0.0,7.957440711387385
confirmation/batch-05/case-001,confirmation seed=53 scale=1.0,tap_p2,COMPLETED_INFEASIBLE,False,4,0,branch 0-1 current loading,40.0,40.0,0.0,4.814193488300589e-11,203.59050315803506,825.6317289549003,1276.7320419500008,1.0323293902911428,5.2286893541002265e-11,1.021710882759118,0.9988832613513277,7.565634846815844,91.18676886671186,662.2564509999997,0.0,0.0,7.565634846815844
confirmation/batch-05/case-001,confirmation seed=53 scale=1.0,tap_p4,COMPLETED_INFEASIBLE,False,4,0,branch 0-1 current loading,40.0,40.0,0.0,3.775024737251442e-11,203.63611924534737,825.492242065688,1276.7320419500008,1.0194492031977853,4.617446264338624e-11,1.0341010986852264,1.011553485469669,7.380531870301859,91.16262851514738,662.2564509999997,0.0,0.0,7.380531870301859
confirmation/batch-05/case-001,confirmation seed=53 scale=1.0,combined_loss,COMPLETED_VALID,False,0,0,,40.0,47.60000000000002,2,3.485101096600829e-11,195.73851393861486,818.1310067787698,1276.7320419500008,0.999996808449277,5.4899863176113574e-11,1.033987199470974,1.012200888236597,7.136901890119044,89.31666594618494,662.2564509999997,0.0,0.7799999999999996,7.9169018901190435
confirmation/batch-05/case-001,confirmation seed=53 scale=1.0,combined_peak,COMPLETED_VALID,False,0,0,,40.0,70.4,8,3.3510083596866025e-11,173.90421008755987,798.0786365498653,1276.7320419500008,0.9419513623388659,5.209217210509599e-11,1.0336442769754082,1.0126132715752618,6.5788355122708975,83.79296397660106,662.2564509999997,7.105427357601002e-15,3.1199999999999983,9.698835512270897
confirmation/batch-05/case-001,confirmation seed=53 scale=1.0,storage_loss,COMPLETED_INFEASIBLE,False,4,0,branch 0-1 current loading,40.0,47.60000000000002,2,5.115263768118439e-11,195.6506629464947,818.4079744349276,1276.7320419500008,1.025578518774492,4.884128711844679e-11,1.0092067283239177,0.9868729256068808,7.501720538380803,89.36373469047005,662.2564509999997,0.0,0.7799999999999996,8.281720538380803
confirmation/batch-05/case-001,confirmation seed=53 scale=1.0,storage_peak,COMPLETED_VALID,False,0,0,,40.0,70.4,8,3.207123455695182e-11,173.827437822007,798.3380464079696,1276.7320419500008,0.9660130459627737,4.390074245665099e-11,1.0088556503922927,0.9872962913181771,6.91501763592929,83.83433641656191,662.2564509999997,7.105427357601002e-15,3.1199999999999983,10.03501763592929
bridge/case-00,exploration family=storage seed=11 scale=0.7,baseline,COMPLETED_VALID,True,0,0,,40.0,40.0,0.0,7.196909734830115e-12,299.16787712193934,543.7291567753499,893.7124283,0.7292482460211663,4.967948554771323e-11,1.0099345737915857,0.9903837339265322,5.365548453403414,63.63511285210405,654.5166971000001,0.0,0.0,5.365548453403414
bridge/case-00,exploration family=storage seed=11 scale=0.7,tap_m2,COMPLETED_VALID,True,0,0,,40.0,40.0,0.0,2.7554847292776685e-11,299.1012236282119,543.799042579307,893.7124283,0.7386365550744635,4.589073326352826e-11,0.99755730446842,0.9777597558161351,5.502087751067577,63.64769748102841,654.5166971000001,0.0,0.0,5.502087751067577
bridge/case-00,exploration family=storage seed=11 scale=0.7,tap_p2,COMPLETED_VALID,True,0,0,,40.0,40.0,0.0,2.504663143554353e-13,299.23212435756494,543.6618847625949,893.7124283,0.7200975242300236,5.015913588689111e-11,1.0223147679017464,1.003004568061877,5.234029205029833,63.6230018648305,654.5166971000001,0.0,0.0,5.234029205029833
bridge/case-00,exploration family=storage seed=11 scale=0.7,tap_p4,COMPLETED_VALID,True,0,0,,40.0,40.0,0.0,-5.53068701947268e-12,299.2940792602466,543.5970973046359,893.7124283,0.7111754130042102,5.0682958999218336e-11,1.0346977846842373,1.0156223773248254,5.107286844394895,63.611340920077616,654.5166971000001,0.0,0.0,5.107286844394895
bridge/case-00,exploration family=storage seed=11 scale=0.7,storage_0,COMPLETED_VALID,True,0,0,,40.0,47.60000000000002,2,-2.169375790117556e-13,291.28025407248646,536.4102708574179,893.7124283,0.7094532144228061,4.6535233658573296e-11,1.0099345737915857,0.9909394229991882,5.154285584931776,61.80064125572826,654.5166971000001,0.0,0.7799999999999996,5.934285584931775
bridge/case-00,exploration family=storage seed=11 scale=0.7,storage_1,COMPLETED_VALID,True,0,0,,40.0,47.60000000000002,2,-1.9275692153541968e-12,291.2911114126716,536.4102708574179,893.7124283,0.7094532144228061,4.6535233658573296e-11,1.0098181713176249,0.9909394229991882,5.143428244748261,61.80064125572826,654.5166971000001,0.0,0.7799999999999996,5.92342824474826
bridge/case-00,exploration family=storage seed=11 scale=0.7,storage_2,COMPLETED_VALID,True,0,0,,40.0,55.200000000000045,4,-1.2989609388114332e-12,283.38151062601446,529.1011065042543,893.7124283,0.6897226771360921,3.9004708617609943e-11,1.0099345737915857,0.9910504233009372,4.963864678241174,59.968617287138315,654.5166971000001,0.0,1.5599999999999992,6.523864678241173
bridge/case-00,exploration family=storage seed=11 scale=0.7,storage_3,COMPLETED_VALID,True,0,0,,40.0,55.200000000000045,4,-3.921751812185903e-12,283.4032668309943,529.1011065042543,893.7124283,0.6897226771360921,3.9004708617609943e-11,1.0097015508418123,0.9910504233009372,4.9421084732639455,59.968617287138315,654.5166971000001,0.0,1.5599999999999992,6.502108473263945
bridge/case-00,exploration family=storage seed=11 scale=0.7,storage_4,COMPLETED_VALID,True,0,0,,40.0,70.4,8,-1.3694823053356231e-11,267.55047412080955,514.511788128725,893.7124283,0.6566175642156024,3.882417713610862e-11,1.0099345737915857,0.9912718357688993,4.6455828079291965,56.3118731840967,654.5166971000001,7.105427357601002e-15,3.1199999999999983,7.765582807929195
bridge/case-00,exploration family=storage seed=11 scale=0.7,storage_5,COMPLETED_VALID,True,0,0,,40.0,70.4,8,-2.1503687719359732e-11,267.5941538228347,514.511788128725,893.7124283,0.6504677990989305,3.882417713610862e-11,1.0094676521429722,0.9912718357688993,4.601903105911804,56.3118731840967,654.5166971000001,7.105427357601002e-15,3.1199999999999983,7.721903105911802
bridge/case-00,exploration family=storage seed=11 scale=0.7,storage_6,COMPLETED_INFEASIBLE,False,19,0,storage capacity,39.99999999999999,85.59999999999997,12,-1.3104184404255648e-11,251.67438720700875,499.9608956137019,893.7124283,0.6566175642156024,3.876161798066354e-11,1.0099345737915857,0.9914924693479785,4.41077720670636,52.664803128487826,654.5166971000001,-7.105427357601002e-15,4.679999999999998,9.090777206706358
bridge/case-00,exploration family=storage seed=11 scale=0.7,storage_7,COMPLETED_INFEASIBLE,False,15,0,storage capacity,39.99999999999999,85.59999999999997,12,-2.5149660132228746e-11,251.74016011656767,499.9608956137019,893.7124283,0.6115130878486575,3.876161798066354e-11,1.0092328701415318,0.9914924693479785,4.3450042971594325,52.664803128487826,654.5166971000001,-7.105427357601002e-15,4.679999999999998,9.02500429715943
bridge/case-01,exploration family=combined seed=11 scale=0.7,baseline,COMPLETED_VALID,True,0,0,,40.0,40.0,0.0,7.196909734830115e-12,299.16787712193934,543.7291567753499,893.7124283,0.7292482460211663,4.967948554771323e-11,1.0099345737915857,0.9903837339265322,5.365548453403414,63.63511285210405,654.5166971000001,0.0,0.0,5.365548453403414
bridge/case-01,exploration family=combined seed=11 scale=0.7,tap_m2,COMPLETED_VALID,True,0,0,,40.0,40.0,0.0,2.7554847292776685e-11,299.1012236282119,543.799042579307,893.7124283,0.7386365550744635,4.589073326352826e-11,0.99755730446842,0.9777597558161351,5.502087751067577,63.64769748102841,654.5166971000001,0.0,0.0,5.502087751067577
bridge/case-01,exploration family=combined seed=11 scale=0.7,tap_p2,COMPLETED_VALID,True,0,0,,40.0,40.0,0.0,2.504663143554353e-13,299.23212435756494,543.6618847625949,893.7124283,0.7200975242300236,5.015913588689111e-11,1.0223147679017464,1.003004568061877,5.234029205029833,63.6230018648305,654.5166971000001,0.0,0.0,5.234029205029833
bridge/case-01,exploration family=combined seed=11 scale=0.7,tap_p4,COMPLETED_VALID,True,0,0,,40.0,40.0,0.0,-5.53068701947268e-12,299.2940792602466,543.5970973046359,893.7124283,0.7111754130042102,5.0682958999218336e-11,1.0346977846842373,1.0156223773248254,5.107286844394895,63.611340920077616,654.5166971000001,0.0,0.0,5.107286844394895
bridge/case-01,exploration family=combined seed=11 scale=0.7,combined_0,COMPLETED_VALID,True,0,0,,40.0,47.60000000000002,2,-1.592259657456907e-11,291.4011525951955,536.2830810568807,893.7124283,0.6918803121828341,4.793619989414148e-11,1.0346977846842373,1.016164088040243,4.906197261701188,61.77832469591328,654.5166971000001,0.0,0.7799999999999996,5.686197261701188
bridge/case-01,exploration family=combined seed=11 scale=0.7,combined_1,COMPLETED_VALID,True,0,0,,40.0,47.60000000000002,2,-2.172861890414879e-11,291.411507746737,536.2830810568807,893.7124283,0.6918803121828341,4.793619989414148e-11,1.0345840575821696,1.016164088040243,4.895842110165505,61.77832469591328,654.5166971000001,0.0,0.7799999999999996,5.6758421101655046
bridge/case-01,exploration family=combined seed=11 scale=0.7,combined_2,COMPLETED_VALID,True,0,0,,40.0,55.200000000000045,4,-1.2169376617521266e-11,283.4976236471284,528.9783019017945,893.7124283,0.6726467120219916,4.039352638788612e-11,1.0346977846842373,1.0162722506369062,4.724947054678247,59.947633313611945,654.5166971000001,0.0,1.5599999999999992,6.284947054678247
bridge/case-01,exploration family=combined seed=11 scale=0.7,combined_3,COMPLETED_VALID,True,0,0,,40.0,55.200000000000045,4,-1.80873094279832e-11,283.518371688099,528.9783019017945,893.7124283,0.6726467120219916,4.039352638788612e-11,1.0344701275143613,1.0162722506369062,4.704199013713563,59.947633313611945,654.5166971000001,0.0,1.5599999999999992,6.2641990137135615
bridge/case-01,exploration family=combined seed=11 scale=0.7,combined_4,COMPLETED_VALID,True,0,0,,40.0,70.4,8,-1.007283145781912e-11,267.6585877558063,514.3963153890539,893.7124283,0.6409000323187963,3.042962290849447e-11,1.0346977846842373,1.0164880308547004,4.4219964332577995,56.29318981067172,654.5166971000001,7.105427357601002e-15,3.1199999999999983,7.541996433257798
bridge/case-01,exploration family=combined seed=11 scale=0.7,combined_5,COMPLETED_VALID,True,0,0,,40.0,70.4,8,-1.9967139053278515e-11,267.70023582257846,514.3963153890539,893.7124283,0.6343764441188957,3.5529374492193266e-11,1.034241655161483,1.0164880308547004,4.380348366495426,56.29318981067172,654.5166971000001,7.105427357601002e-15,3.1199999999999983,7.500348366495424
bridge/case-01,exploration family=combined seed=11 scale=0.7,combined_6,COMPLETED_INFEASIBLE,False,19,0,storage capacity,39.99999999999999,85.59999999999997,12,-9.724665517296671e-12,251.77662621707333,499.8508611191922,893.7124283,0.6409000323187963,3.038886200212937e-11,1.0346977846842373,1.0167030891017625,4.198503702128639,52.647940470848596,654.5166971000001,-7.105427357601002e-15,4.679999999999998,8.878503702128636
bridge/case-01,exploration family=combined seed=11 scale=0.7,combined_7,COMPLETED_INFEASIBLE,False,15,0,storage capacity,39.99999999999999,85.59999999999997,12,-2.2931878618237533e-11,251.83932838680533,499.8508611191922,893.7124283,0.5963934172987867,3.648270779327103e-11,1.0340123609261618,1.0167030891017625,4.1358015324098405,52.647940470848596,654.5166971000001,-7.105427357601002e-15,4.679999999999998,8.81580153240984
bridge/case-02,exploration family=storage seed=11 scale=0.85,baseline,COMPLETED_VALID,True,0,0,,40.0,40.0,0.0,8.983924715266767e-12,243.5613227236401,680.5146331584973,1085.2222358249996,0.8871076783180245,5.869413746950698e-11,1.009051976542445,0.9883003027349101,6.247771709848732,77.40015978574255,654.5166971000001,0.0,0.0,6.247771709848732
bridge/case-02,exploration family=storage seed=11 scale=0.85,tap_m2,COMPLETED_VALID,True,0,0,,40.0,40.0,0.0,1.0769163338864018e-11,243.5071912360605,680.6205176507086,1085.2222358249996,0.8985706331742276,4.986330716046519e-11,0.9966639441810704,0.9756488568753958,6.4077876896377886,77.41885533160168,654.5166971000001,0.0,0.0,6.4077876896377886
bridge/case-02,exploration family=storage seed=11 scale=0.85,tap_p2,COMPLETED_VALID,True,0,0,,40.0,40.0,0.0,2.0818902157770935e-12,243.61349619674277,680.4127223622858,1085.2222358249996,0.875936385888771,5.1747186233676655e-11,1.02144268204039,1.000947885536332,6.093687440541281,77.38217132146659,654.5166971000001,0.0,0.0,6.093687440541281
bridge/case-02,exploration family=storage seed=11 scale=0.85,tap_p4,COMPLETED_VALID,True,0,0,,40.0,40.0,0.0,2.190958525716269e-11,243.66380458042886,680.3145879589174,1085.2222358249996,0.8650456579220751,5.829583803490035e-11,1.03383596712443,1.0135917527420037,5.945244653467089,77.36485449657545,654.5166971000001,0.0,0.0,5.945244653467089
bridge/case-02,exploration family=storage seed=11 scale=0.85,storage_0,COMPLETED_VALID,True,0,0,,40.0,47.60000000000002,2,2.968891799071116e-11,235.65993707959007,673.1713848121785,1085.2222358249996,0.8672278530129947,6.209146892354131e-11,1.009051976542445,0.9889534911864977,6.025909007559291,75.55890600130851,654.5166971000001,0.0,0.7799999999999996,6.805909007559291
bridge/case-02,exploration family=storage seed=11 scale=0.85,storage_1,COMPLETED_VALID,True,0,0,,40.0,47.60000000000002,2,2.4763080475054267e-11,235.67163613501174,673.1713848121785,1085.2222358249996,0.8672278530129947,6.209146892354131e-11,1.008935274707609,0.9889534911864977,6.014209952142431,75.55890600130851,654.5166971000001,0.0,0.7799999999999996,6.79420995214243
bridge/case-02,exploration family=storage seed=11 scale=0.85,storage_2,COMPLETED_VALID,True,0,0,,40.0,55.200000000000045,4,2.553290912032935e-11,227.74737745813832,665.8379474643773,1085.2222358249996,0.8474061164696866,5.2141166772359736e-11,1.009051976542445,0.9890651541898775,5.825031281213903,73.72012485337018,654.5166971000001,0.0,1.5599999999999992,7.385031281213902
bridge/case-02,exploration family=storage seed=11 scale=0.85,storage_3,COMPLETED_VALID,True,0,0,,40.0,55.200000000000045,4,2.16231477168094e-11,227.77082051066904,665.8379474643773,1085.2222358249996,0.8474061164696866,5.2141166772359736e-11,1.0088183537804973,0.9890651541898775,5.801588228686947,73.72012485337018,654.5166971000001,0.0,1.5599999999999992,7.361588228686946
bridge/case-02,exploration family=storage seed=11 scale=0.85,storage_4,COMPLETED_VALID,True,0,0,,40.0,70.4,8,7.341327545873355e-11,211.88854633764615,651.200349029115,1085.2222358249996,0.8079451224191082,5.826922456083465e-11,1.009051976542445,0.9892878852002568,5.4862639663957955,70.04994075166164,654.5166971000001,7.105427357601002e-15,3.1199999999999983,8.606263966395794
bridge/case-02,exploration family=storage seed=11 scale=0.85,storage_5,COMPLETED_VALID,True,0,0,,40.0,70.4,8,6.710809685728236e-11,211.93561350422124,651.200349029115,1085.2222358249996,0.8079451224191082,5.826922456083465e-11,1.0085838508781506,0.9892878852002568,5.439196799827267,70.04994075166164,654.5166971000001,7.105427357601002e-15,3.1199999999999983,8.559196799827266
bridge/case-02,exploration family=storage seed=11 scale=0.85,storage_6,COMPLETED_INFEASIBLE,False,19,0,storage capacity,39.99999999999999,85.59999999999997,12,5.7630344940662326e-11,195.98444587468157,636.6015271314811,1085.2222358249996,0.768743249861411,4.563333102273319e-11,1.009051976542445,0.9895098282688563,5.231542531742402,66.38952875016425,654.5166971000001,-7.105427357601002e-15,4.679999999999998,9.9115425317424
bridge/case-02,exploration family=storage seed=11 scale=0.85,storage_7,COMPLETED_INFEASIBLE,False,15,0,storage capacity,39.99999999999999,85.59999999999997,12,4.836664402319002e-11,196.05532084031526,636.6015271314811,1085.2222358249996,0.768743249861411,4.563333102273319e-11,1.0083484602227892,0.9895098282688563,5.1606675661179455,66.38952875016425,654.5166971000001,-7.105427357601002e-15,4.679999999999998,9.840667566117943
bridge/case-03,exploration family=combined seed=11 scale=0.85,baseline,COMPLETED_VALID,True,0,0,,40.0,40.0,0.0,8.983924715266767e-12,243.5613227236401,680.5146331584973,1085.2222358249996,0.8871076783180245,5.869413746950698e-11,1.009051976542445,0.9883003027349101,6.247771709848732,77.40015978574255,654.5166971000001,0.0,0.0,6.247771709848732
bridge/case-03,exploration family=combined seed=11 scale=0.85,tap_m2,COMPLETED_VALID,True,0,0,,40.0,40.0,0.0,1.0769163338864018e-11,243.5071912360605,680.6205176507086,1085.2222358249996,0.8985706331742276,4.986330716046519e-11,0.9966639441810704,0.9756488568753958,6.4077876896377886,77.41885533160168,654.5166971000001,0.0,0.0,6.4077876896377886
bridge/case-03,exploration family=combined seed=11 scale=0.85,tap_p2,COMPLETED_VALID,True,0,0,,40.0,40.0,0.0,2.0818902157770935e-12,243.61349619674277,680.4127223622858,1085.2222358249996,0.875936385888771,5.1747186233676655e-11,1.02144268204039,1.000947885536332,6.093687440541281,77.38217132146659,654.5166971000001,0.0,0.0,6.093687440541281
bridge/case-03,exploration family=combined seed=11 scale=0.85,tap_p4,COMPLETED_VALID,True,0,0,,40.0,40.0,0.0,2.190958525716269e-11,243.66380458042886,680.3145879589174,1085.2222358249996,0.8650456579220751,5.829583803490035e-11,1.03383596712443,1.0135917527420037,5.945244653467089,77.36485449657545,654.5166971000001,0.0,0.0,5.945244653467089
bridge/case-03,exploration family=combined seed=11 scale=0.85,combined_0,COMPLETED_VALID,True,0,0,,40.0,47.60000000000002,2,3.760347588865898e-11,235.75775496508277,672.9774390708586,1085.2222358249996,0.8456718962129416,5.870108003878181e-11,1.03383596712443,1.0142284124145682,5.734145380738823,75.52540093702788,654.5166971000001,0.0,0.7799999999999996,6.514145380738823
bridge/case-03,exploration family=combined seed=11 scale=0.85,combined_1,COMPLETED_VALID,True,0,0,,40.0,47.60000000000002,2,3.367328638148592e-11,235.76890998687531,672.9774390708586,1085.2222358249996,0.8456718962129416,5.870108003878181e-11,1.0337219612215702,1.0142284124145682,5.722990358950207,75.52540093702788,654.5166971000001,0.0,0.7799999999999996,6.502990358950206
bridge/case-03,exploration family=combined seed=11 scale=0.85,combined_2,COMPLETED_VALID,True,0,0,,40.0,55.200000000000045,4,7.031752957686876e-11,227.84105439277232,665.6496080075159,1085.2222358249996,0.8263533568890112,6.079206634629701e-11,1.03383596712443,1.0143371885318435,5.543014889673601,73.68829478105583,654.5166971000001,0.0,1.5599999999999992,7.1030148896736005
bridge/case-03,exploration family=combined seed=11 scale=0.85,combined_3,COMPLETED_VALID,True,0,0,,40.0,55.200000000000045,4,6.813616337808526e-11,227.86340526232073,665.6496080075159,1085.2222358249996,0.8263533568890112,6.079206634629701e-11,1.033607751385166,1.0143371885318435,5.520664020127492,73.68829478105583,654.5166971000001,0.0,1.5599999999999992,7.080664020127491
bridge/case-03,exploration family=combined seed=11 scale=0.85,combined_4,COMPLETED_VALID,True,0,0,,40.0,70.4,8,5.0752291258504556e-11,211.97552791234546,651.0217578387426,1085.2222358249996,0.7878899896668601,4.533562328589955e-11,1.03383596712443,1.0145541897490093,5.220691201346718,70.02108884490838,654.5166971000001,7.105427357601002e-15,3.1199999999999983,8.340691201346717
bridge/case-03,exploration family=combined seed=11 scale=0.85,combined_5,COMPLETED_VALID,True,0,0,,40.0,70.4,8,4.6709303092029586e-11,212.02039407552135,651.0217578387426,1085.2222358249996,0.7878899896668601,4.533562328589955e-11,1.033378716567452,1.0145541897490093,5.17582503817495,70.02108884490838,654.5166971000001,7.105427357601002e-15,3.1199999999999983,8.295825038174948
bridge/case-03,exploration family=combined seed=11 scale=0.85,combined_6,COMPLETED_INFEASIBLE,False,19,0,storage capacity,39.99999999999999,85.59999999999997,12,3.881517329773487e-11,196.06687709961,636.4307567799301,1085.2222358249996,0.7496737176854832,4.34745048796576e-11,1.03383596712443,1.0147704610238344,4.978340955281649,66.36316561809764,654.5166971000001,-7.105427357601002e-15,4.679999999999998,9.658340955281647
bridge/case-03,exploration family=combined seed=11 scale=0.85,combined_7,COMPLETED_INFEASIBLE,False,15,0,storage capacity,39.99999999999999,85.59999999999997,12,3.6704861372527375e-11,196.13442524895294,636.4307567799301,1085.2222358249996,0.7496737176854832,3.5492677118438614e-11,1.0331488559193307,1.0147704610238344,4.910792805940876,66.36316561809764,654.5166971000001,-7.105427357601002e-15,4.679999999999998,9.590792805940874
bridge/case-04,exploration family=storage seed=11 scale=1.0,baseline,COMPLETED_INFEASIBLE,False,6,0,branch 0-1 current loading,40.0,40.0,0.0,3.205258281013812e-11,195.53045226815186,825.2787483334341,1276.7320419500008,1.045543207850872,5.933655404496739e-11,1.0081679225330096,0.9862086149428978,7.532951215249348,91.21185019320413,654.5166971000001,0.0,0.0,7.532951215249348
bridge/case-04,exploration family=storage seed=11 scale=1.0,tap_m2,COMPLETED_INFEASIBLE,False,6,0,branch 0-1 current loading,40.0,40.0,0.0,3.0182079058249656e-11,195.4868736693341,825.4292039265167,1276.7320419500008,1.059103951082682,5.667972317565487e-11,0.995769073058208,0.9735293693297857,7.726985407151746,91.23792246691802,654.5166971000001,0.0,0.0,7.726985407151746
bridge/case-04,exploration family=storage seed=11 scale=1.0,tap_p2,COMPLETED_INFEASIBLE,False,4,0,branch 0-1 current loading,40.0,40.0,0.0,2.90816259962412e-11,195.5724514294671,825.1339583608669,1276.7320419500008,1.0323293902911428,5.2286893541002265e-11,1.0205691909646586,0.9988832613513277,7.346162081370061,91.18676886671186,654.5166971000001,0.0,0.0,7.346162081370061
bridge/case-04,exploration family=storage seed=11 scale=1.0,tap_p4,COMPLETED_INFEASIBLE,False,4,0,branch 0-1 current loading,40.0,40.0,0.0,2.1258550475522497e-11,195.61294629464194,824.9945515145067,1276.7320419500008,1.0194492031977853,4.617446264338624e-11,1.0329727935127333,1.011553485469669,7.16626036984269,91.16262851514738,654.5166971000001,0.0,0.0,7.16626036984269
bridge/case-04,exploration family=storage seed=11 scale=1.0,storage_0,COMPLETED_INFEASIBLE,False,4,0,branch 0-1 current loading,40.0,47.60000000000002,2,3.0363045411263556e-11,187.61522753297163,817.9108783101332,1276.7320419500008,1.025578518774492,4.884128711844679e-11,1.0081679225330096,0.9868729256068808,7.300305927130545,89.36373469047005,654.5166971000001,0.0,0.7799999999999996,8.080305927130544
bridge/case-04,exploration family=storage seed=11 scale=1.0,storage_1,COMPLETED_INFEASIBLE,False,4,0,branch 0-1 current loading,40.0,47.60000000000002,2,3.1912028575220575e-11,187.62777785038406,817.9108783101332,1276.7320419500008,1.025578518774492,4.884128711844679e-11,1.0080509196313878,0.9868729256068808,7.287755609716335,89.36373469047005,654.5166971000001,0.0,0.7799999999999996,8.067755609716334
bridge/case-04,exploration family=storage seed=11 scale=1.0,storage_2,COMPLETED_INFEASIBLE,False,2,0,branch 0-1 current loading,40.0,55.200000000000045,4,3.8342218289244556e-11,179.6887747715025,810.5529102127504,1276.7320419500008,1.00566764827622,5.944062011047464e-11,1.0081679225330096,0.9870722242191722,7.0887905912086655,87.51811729310077,654.5166971000001,0.0,1.5599999999999992,8.648790591208664
bridge/case-04,exploration family=storage seed=11 scale=1.0,storage_3,COMPLETED_INFEASIBLE,False,2,0,branch 0-1 current loading,40.0,55.200000000000045,4,3.759437205985705e-11,179.71392382478587,810.5529102127504,1276.7320419500008,1.00566764827622,5.944062011047464e-11,1.007933696538743,0.9870722242191722,7.063641537926156,87.51811729310077,654.5166971000001,0.0,1.5599999999999992,8.623641537926154
bridge/case-04,exploration family=storage seed=11 scale=1.0,storage_4,COMPLETED_VALID,False,0,0,,40.0,70.4,8,3.284306160367123e-11,163.80199368196418,795.8665206356385,1276.7320419500008,0.9660130459627737,4.558491479350393e-11,1.0081679225330096,0.9872962913181771,6.729182103640608,83.83433641656191,654.5166971000001,7.105427357601002e-15,3.1199999999999983,9.849182103640606
bridge/case-04,exploration family=storage seed=11 scale=1.0,storage_5,COMPLETED_VALID,False,0,0,,40.0,70.4,8,3.467448550509289e-11,163.85248686076227,795.8665206356385,1276.7320419500008,0.9660130459627737,4.390074245665099e-11,1.0076985859745358,0.9872962913181771,6.678688924840798,83.83433641656191,654.5166971000001,7.105427357601002e-15,3.1199999999999983,9.798688924840796
bridge/case-04,exploration family=storage seed=11 scale=1.0,storage_6,COMPLETED_INFEASIBLE,False,19,0,storage capacity,39.99999999999999,85.59999999999997,12,4.643307960350285e-11,147.88182504953022,781.2313667511653,1276.7320419500008,0.9265920233285617,5.103876813441473e-11,1.0081679225330096,0.9875195612465298,6.454196851587791,80.16042748425943,654.5166971000001,-7.105427357601002e-15,4.679999999999998,11.134196851587788
bridge/case-04,exploration family=storage seed=11 scale=1.0,storage_7,COMPLETED_INFEASIBLE,False,15,0,storage capacity,39.99999999999999,85.59999999999997,12,4.9828585702016426e-11,147.94575759705174,781.2192640887724,1276.7320419500008,0.9265920233285617,5.103876813441473e-11,1.0074625831672326,0.9875195612465298,6.378161641670243,80.16042748425943,654.5166971000001,-7.105427357601002e-15,4.679999999999998,11.05816164167024
bridge/case-05,exploration family=combined seed=11 scale=1.0,baseline,COMPLETED_INFEASIBLE,False,6,0,branch 0-1 current loading,40.0,40.0,0.0,3.205258281013812e-11,195.53045226815186,825.2787483334341,1276.7320419500008,1.045543207850872,5.933655404496739e-11,1.0081679225330096,0.9862086149428978,7.532951215249348,91.21185019320413,654.5166971000001,0.0,0.0,7.532951215249348
bridge/case-05,exploration family=combined seed=11 scale=1.0,tap_m2,COMPLETED_INFEASIBLE,False,6,0,branch 0-1 current loading,40.0,40.0,0.0,3.0182079058249656e-11,195.4868736693341,825.4292039265167,1276.7320419500008,1.059103951082682,5.667972317565487e-11,0.995769073058208,0.9735293693297857,7.726985407151746,91.23792246691802,654.5166971000001,0.0,0.0,7.726985407151746
bridge/case-05,exploration family=combined seed=11 scale=1.0,tap_p2,COMPLETED_INFEASIBLE,False,4,0,branch 0-1 current loading,40.0,40.0,0.0,2.90816259962412e-11,195.5724514294671,825.1339583608669,1276.7320419500008,1.0323293902911428,5.2286893541002265e-11,1.0205691909646586,0.9988832613513277,7.346162081370061,91.18676886671186,654.5166971000001,0.0,0.0,7.346162081370061
bridge/case-05,exploration family=combined seed=11 scale=1.0,tap_p4,COMPLETED_INFEASIBLE,False,4,0,branch 0-1 current loading,40.0,40.0,0.0,2.1258550475522497e-11,195.61294629464194,824.9945515145067,1276.7320419500008,1.0194492031977853,4.617446264338624e-11,1.0329727935127333,1.011553485469669,7.16626036984269,91.16262851514738,654.5166971000001,0.0,0.0,7.16626036984269
bridge/case-05,exploration family=combined seed=11 scale=1.0,combined_0,COMPLETED_VALID,False,0,0,,40.0,47.60000000000002,2,2.897126982759346e-11,187.6937042373405,817.6340361983154,1276.7320419500008,0.999996808449277,5.4899863176113574e-11,1.0329727935127333,1.012200888236597,6.944987110945127,89.31666594618494,654.5166971000001,0.0,0.7799999999999996,7.7249871109451265
bridge/case-05,exploration family=combined seed=11 scale=1.0,combined_1,COMPLETED_VALID,False,0,0,,40.0,47.60000000000002,2,3.131073178508359e-11,187.7056677762257,817.6340361983154,1276.7320419500008,0.999996808449277,5.4899863176113574e-11,1.0328585072946053,1.012200888236597,6.933023572057704,89.31666594618494,654.5166971000001,0.0,0.7799999999999996,7.713023572057703
bridge/case-05,exploration family=combined seed=11 scale=1.0,combined_2,COMPLETED_VALID,False,0,0,,40.0,55.200000000000045,4,2.58757459903336e-11,179.76376214372684,810.2829207195006,1276.7320419500008,0.980595440179699,4.623927207477276e-11,1.0329727935127333,1.0123950339251646,6.743813725747023,87.47307373677957,654.5166971000001,0.0,1.5599999999999992,8.303813725747021
bridge/case-05,exploration family=combined seed=11 scale=1.0,combined_3,COMPLETED_VALID,False,0,0,,40.0,55.200000000000045,4,2.978728375069295e-11,179.78773318700735,810.2829207195006,1276.7320419500008,0.980595440179699,4.623927207477276e-11,1.0327440161673629,1.0123950339251646,6.719842682462685,87.47307373677957,654.5166971000001,0.0,1.5599999999999992,8.279842682462684
bridge/case-05,exploration family=combined seed=11 scale=1.0,combined_4,COMPLETED_VALID,False,0,0,,40.0,70.4,8,3.8546055236565735e-11,163.87160404887825,795.6087456779535,1276.7320419500008,0.9419513623388659,5.0541122569102067e-11,1.0329727935127333,1.0126132715752618,6.401796779035969,83.79296397660106,654.5166971000001,7.105427357601002e-15,3.1199999999999983,9.521796779035967
bridge/case-05,exploration family=combined seed=11 scale=1.0,combined_5,COMPLETED_VALID,False,0,0,,40.0,70.4,8,4.430766864516045e-11,163.91972320663356,795.6087456779535,1276.7320419500008,0.9419513623388659,5.0541122569102067e-11,1.0325144158150767,1.0126132715752618,6.353677621274898,83.79296397660106,654.5166971000001,7.105427357601002e-15,3.1199999999999983,9.473677621274897
bridge/case-05,exploration family=combined seed=11 scale=1.0,combined_6,COMPLETED_INFEASIBLE,False,19,0,storage capacity,39.99999999999999,85.59999999999997,12,4.132605369022713e-11,147.9470812842577,780.9827016201667,1276.7320419500008,0.9035293519773533,5.294386212717411e-11,1.0329727935127333,1.012830771162219,6.140275485866952,80.12222700848285,654.5166971000001,-7.105427357601002e-15,4.679999999999998,10.82027548586695
bridge/case-05,exploration family=combined seed=11 scale=1.0,combined_7,COMPLETED_INFEASIBLE,False,15,0,storage capacity,39.99999999999999,85.59999999999997,12,4.8341775027438416e-11,148.0085680618353,780.9717416058138,1276.7320419500008,0.9035293519773533,5.294386212717411e-11,1.0322839856543942,1.012830771162219,6.067828693929576,80.12222700848285,654.5166971000001,-7.105427357601002e-15,4.679999999999998,10.747828693929574
bridge/case-06,exploration family=storage seed=13 scale=0.7,baseline,COMPLETED_VALID,True,0,0,,40.0,40.0,0.0,1.4656720281891467e-11,300.5882004949999,553.0206132288715,893.7124283,0.7292482460211663,4.959044946276377e-11,1.0089876256638308,0.9903837339265322,5.38817093385695,63.63511285210405,646.6681865,0.0,0.0,5.38817093385695
bridge/case-06,exploration family=storage seed=13 scale=0.7,tap_m2,COMPLETED_VALID,True,0,0,,40.0,40.0,0.0,3.589484265376086e-11,300.52169619074044,553.0912396272397,893.7124283,0.7386365550744635,4.8739589128686394e-11,0.9965988830478532,0.9777597558161351,5.525301636463412,63.64769748102841,646.6681865,0.0,0.0,5.525301636463412
bridge/case-06,exploration family=storage seed=13 scale=0.7,tap_p2,COMPLETED_VALID,True,0,0,,40.0,40.0,0.0,1.4246381851990009e-12,300.6523037574025,552.9526283051504,893.7124283,0.7200975242300236,4.924700689842953e-11,1.021379027491082,1.003004568061877,5.256082747746458,63.6230018648305,646.6681865,0.0,0.0,5.256082747746458
bridge/case-06,exploration family=storage seed=13 scale=0.7,tap_p4,COMPLETED_VALID,True,0,0,,40.0,40.0,0.0,-1.9949375484884513e-11,300.7141196655979,552.8871542518988,893.7124283,0.7111754130042102,4.901321767354608e-11,1.03377299532314,1.0156223773248254,5.128792786320841,63.611340920077616,646.6681865,0.0,0.0,5.128792786320841
bridge/case-06,exploration family=storage seed=13 scale=0.7,storage_0,COMPLETED_VALID,True,0,0,,40.0,47.60000000000002,2,2.5932589409194406e-12,292.7004117639303,545.7007476429415,893.7124283,0.7094532144228061,4.959044946276377e-11,1.0088708842069594,0.9909394229991882,5.176094079008516,61.80064125572826,646.6681865,0.0,0.7799999999999996,5.9560940790085155
bridge/case-06,exploration family=storage seed=13 scale=0.7,storage_1,COMPLETED_VALID,True,0,0,,40.0,47.60000000000002,2,-1.1592948823135885e-12,292.7133538707092,545.7007476429415,893.7124283,0.7094532144228061,4.959044946276377e-11,1.0088708842069594,0.9909394229991882,5.163151972233432,61.80064125572826,646.6681865,0.0,0.7799999999999996,5.943151972233431
bridge/case-06,exploration family=storage seed=13 scale=0.7,storage_2,COMPLETED_VALID,True,0,0,,40.0,55.200000000000045,4,-2.0266011091507607e-11,284.80150182988626,538.3906071002305,893.7124283,0.6897226771360921,4.959044946276377e-11,1.008838098986511,0.9910504233009372,4.984863470364393,59.968617287138315,646.6681865,0.0,1.5599999999999992,6.544863470364392
bridge/case-06,exploration family=storage seed=13 scale=0.7,storage_3,COMPLETED_VALID,True,0,0,,40.0,55.200000000000045,4,-2.2088553208732264e-11,284.82743571299216,538.3906071002305,893.7124283,0.6897226771360921,4.959044946276377e-11,1.0087539235341336,0.9910504233009372,4.958929587260379,59.968617287138315,646.6681865,0.0,1.5599999999999992,6.518929587260379
bridge/case-06,exploration family=storage seed=13 scale=0.7,storage_4,COMPLETED_VALID,True,0,0,,40.0,70.4,8,-3.7565506261216797e-11,268.97012990382285,523.7993466881835,893.7124283,0.6504677990989305,4.959044946276377e-11,1.008838098986511,0.9912718357688993,4.664974984398148,56.3118731840967,646.6681865,7.105427357601002e-15,3.1199999999999983,7.784974984398146
bridge/case-06,exploration family=storage seed=13 scale=0.7,storage_5,COMPLETED_VALID,True,0,0,,40.0,70.4,8,-4.100364492387598e-11,269.0221977836917,523.7993466881835,893.7124283,0.6504677990989305,4.959044946276377e-11,1.00851934076642,0.9912718357688993,4.612907104532799,56.3118731840967,646.6681865,7.105427357601002e-15,3.1199999999999983,7.7329071045327975
bridge/case-06,exploration family=storage seed=13 scale=0.7,storage_6,COMPLETED_INFEASIBLE,False,19,0,storage capacity,39.99999999999999,85.59999999999997,12,-3.374100998598806e-11,253.09370426050418,509.24652577432744,893.7124283,0.6115130878486575,4.959044946276377e-11,1.008838098986511,0.9914924693479785,4.428579713856997,52.664803128487826,646.6681865,-7.105427357601002e-15,4.679999999999998,9.108579713856994
bridge/case-06,exploration family=storage seed=13 scale=0.7,storage_7,COMPLETED_INFEASIBLE,False,15,0,storage capacity,39.99999999999999,85.59999999999997,12,-3.512568014230055e-11,253.17210915946217,509.24652577432744,893.7124283,0.6115130878486575,4.959044946276377e-11,1.0083491329753642,0.9914924693479785,4.350174814900425,52.664803128487826,646.6681865,-7.105427357601002e-15,4.679999999999998,9.030174814900423
bridge/case-07,exploration family=combined seed=13 scale=0.7,baseline,COMPLETED_VALID,True,0,0,,40.0,40.0,0.0,1.4656720281891467e-11,300.5882004949999,553.0206132288715,893.7124283,0.7292482460211663,4.959044946276377e-11,1.0089876256638308,0.9903837339265322,5.38817093385695,63.63511285210405,646.6681865,0.0,0.0,5.38817093385695
bridge/case-07,exploration family=combined seed=13 scale=0.7,tap_m2,COMPLETED_VALID,True,0,0,,40.0,40.0,0.0,3.589484265376086e-11,300.52169619074044,553.0912396272397,893.7124283,0.7386365550744635,4.8739589128686394e-11,0.9965988830478532,0.9777597558161351,5.525301636463412,63.64769748102841,646.6681865,0.0,0.0,5.525301636463412
bridge/case-07,exploration family=combined seed=13 scale=0.7,tap_p2,COMPLETED_VALID,True,0,0,,40.0,40.0,0.0,1.4246381851990009e-12,300.6523037574025,552.9526283051504,893.7124283,0.7200975242300236,4.924700689842953e-11,1.021379027491082,1.003004568061877,5.256082747746458,63.6230018648305,646.6681865,0.0,0.0,5.256082747746458
bridge/case-07,exploration family=combined seed=13 scale=0.7,tap_p4,COMPLETED_VALID,True,0,0,,40.0,40.0,0.0,-1.9949375484884513e-11,300.7141196655979,552.8871542518988,893.7124283,0.7111754130042102,4.901321767354608e-11,1.03377299532314,1.0156223773248254,5.128792786320841,63.611340920077616,646.6681865,0.0,0.0,5.128792786320841
bridge/case-07,exploration family=combined seed=13 scale=0.7,combined_0,COMPLETED_VALID,True,0,0,,40.0,47.60000000000002,2,-4.0988767935346004e-11,292.8210381824306,545.5722066666747,893.7124283,0.6918803121828341,4.7521606380516754e-11,1.0336589524908173,1.016164088040243,4.92692668428507,61.77832469591328,646.6681865,0.0,0.7799999999999996,5.70692668428507
bridge/case-07,exploration family=combined seed=13 scale=0.7,combined_1,COMPLETED_VALID,True,0,0,,40.0,47.60000000000002,2,-4.392153307719582e-11,292.8333774981949,545.5722066666747,893.7124283,0.6918803121828341,4.7521606380516754e-11,1.0336589524908173,1.016164088040243,4.91458736852361,61.77832469591328,646.6681865,0.0,0.7799999999999996,5.694587368523609
bridge/case-07,exploration family=combined seed=13 scale=0.7,combined_2,COMPLETED_VALID,True,0,0,,40.0,55.200000000000045,4,-3.7272851471925605e-11,284.9173537031384,538.266499319824,893.7124283,0.6726467120219916,4.3639892090097365e-11,1.033626974419636,1.0162722506369062,4.7449038167227835,59.947633313611945,646.6681865,0.0,1.5599999999999992,6.304903816722783
bridge/case-07,exploration family=combined seed=13 scale=0.7,combined_3,COMPLETED_VALID,True,0,0,,40.0,55.200000000000045,4,-3.7755132353822773e-11,284.9420774497591,538.266499319824,893.7124283,0.6726467120219916,4.0055291553094204e-11,1.0335447056139426,1.0162722506369062,4.7201800701027,59.947633313611945,646.6681865,0.0,1.5599999999999992,6.280180070102698
bridge/case-07,exploration family=combined seed=13 scale=0.7,combined_4,COMPLETED_VALID,True,0,0,,40.0,70.4,8,-3.276046101063912e-11,269.07800458641134,523.6826657808208,893.7124283,0.6343764441188957,4.3639892090097365e-11,1.033626974419636,1.0164880308547004,4.4404193944422055,56.29318981067172,646.6681865,7.105427357601002e-15,3.1199999999999983,7.560419394442204
bridge/case-07,exploration family=combined seed=13 scale=0.7,combined_5,COMPLETED_VALID,True,0,0,,40.0,70.4,8,-3.0456526189936994e-11,269.12763378175555,523.6826657808208,893.7124283,0.6343764441188957,3.885192083077482e-11,1.0333155963815093,1.0164880308547004,4.390790199095692,56.29318981067172,646.6681865,7.105427357601002e-15,3.1199999999999983,7.51079019909569
bridge/case-07,exploration family=combined seed=13 scale=0.7,combined_6,COMPLETED_INFEASIBLE,False,19,0,storage capacity,39.99999999999999,85.59999999999997,12,-3.001154880166723e-11,253.1957268984028,509.13537682980245,893.7124283,0.5963934172987867,4.3639892090097365e-11,1.033626974419636,1.0167030891017625,4.215408131429697,52.647940470848596,646.6681865,-7.105427357601002e-15,4.679999999999998,8.895408131429695
bridge/case-07,exploration family=combined seed=13 scale=0.7,combined_7,COMPLETED_INFEASIBLE,False,15,0,storage capacity,39.99999999999999,85.59999999999997,12,-2.6290969401543407e-11,253.27044575910367,509.13537682980245,893.7124283,0.5963934172987867,3.885192083077482e-11,1.0331495028605693,1.0167030891017625,4.140689270725022,52.647940470848596,646.6681865,-7.105427357601002e-15,4.679999999999998,8.820689270725019
bridge/case-08,exploration family=storage seed=13 scale=0.85,baseline,COMPLETED_VALID,True,0,0,,40.0,40.0,0.0,-1.1972645097557688e-11,245.7147543094862,690.5602019622584,1085.2222358249996,0.8871076783180245,5.869413746950698e-11,1.0081019312016635,0.9883003027349101,6.291398327784613,77.40015978574255,646.6681865,0.0,0.0,6.291398327784613
bridge/case-08,exploration family=storage seed=13 scale=0.85,tap_m2,COMPLETED_VALID,True,0,0,,40.0,40.0,0.0,-2.8466118351389014e-12,245.66036990068343,690.6669672411322,1085.2222358249996,0.8985706331742276,5.106958087401285e-11,0.9957023482066555,0.9756488568753958,6.452548015451957,77.41885533160168,646.6681865,0.0,0.0,6.452548015451957
bridge/case-08,exploration family=storage seed=13 scale=0.85,tap_p2,COMPLETED_VALID,True,0,0,,40.0,40.0,0.0,-9.733547301493672e-12,245.76717115555363,690.4574436084965,1085.2222358249996,0.875936385888771,5.1747186233676655e-11,1.0205039185787197,1.000947885536332,6.136223127953101,77.38217132146659,646.6681865,0.0,0.0,6.136223127953101
bridge/case-08,exploration family=storage seed=13 scale=0.85,tap_p4,COMPLETED_VALID,True,0,0,,40.0,40.0,0.0,1.0773604230962519e-11,245.81771384026518,690.3584932165297,1085.2222358249996,0.8650456579220751,5.829583803490035e-11,1.0329082258680229,1.0135917527420037,5.986730051254112,77.36485449657545,646.6681865,0.0,0.0,5.986730051254112
bridge/case-08,exploration family=storage seed=13 scale=0.85,storage_0,COMPLETED_VALID,True,0,0,,40.0,47.60000000000002,2,1.0120571047878002e-11,237.81319659975048,683.2159652985741,1085.2222358249996,0.8672278530129947,6.209146892354131e-11,1.0079848879950777,0.9889534911864977,6.0687193738138765,75.55890600130851,646.6681865,0.0,0.7799999999999996,6.848719373813876
bridge/case-08,exploration family=storage seed=13 scale=0.85,storage_1,COMPLETED_VALID,True,0,0,,40.0,47.60000000000002,2,1.2495560142156137e-11,237.82699787422845,683.2159652985741,1085.2222358249996,0.8672278530129947,6.209146892354131e-11,1.0079848879950777,0.9889534911864977,6.054918099333446,75.55890600130851,646.6681865,0.0,0.7799999999999996,6.8349180993334455
bridge/case-08,exploration family=storage seed=13 scale=0.85,storage_2,COMPLETED_VALID,True,0,0,,40.0,55.200000000000045,4,7.254197242900773e-12,229.90046406520187,675.8815431620691,1085.2222358249996,0.8474061164696866,5.2141166772359736e-11,1.0079536581207424,0.9890651541898775,5.867029771860384,73.72012485337018,646.6681865,0.0,1.5599999999999992,7.427029771860383
bridge/case-08,exploration family=storage seed=13 scale=0.85,storage_3,COMPLETED_VALID,True,0,0,,40.0,55.200000000000045,4,1.142419492339286e-11,229.9281198117286,675.8815431620691,1085.2222358249996,0.8474061164696866,5.2141166772359736e-11,1.007867624470083,0.9890651541898775,5.839374025329453,73.72012485337018,646.6681865,0.0,1.5599999999999992,7.399374025329452
bridge/case-08,exploration family=storage seed=13 scale=0.85,storage_4,COMPLETED_VALID,True,0,0,,40.0,70.4,8,5.658140622699648e-11,214.04128454654514,661.2419856408001,1085.2222358249996,0.8079451224191082,5.826922456083465e-11,1.0079536581207424,0.9892878852002568,5.526651769198599,70.04994075166164,646.6681865,7.105427357601002e-15,3.1199999999999983,8.646651769198598
bridge/case-08,exploration family=storage seed=13 scale=0.85,storage_5,COMPLETED_VALID,True,0,0,,40.0,70.4,8,6.300027166616928e-11,214.0968103710079,661.2419856408001,1085.2222358249996,0.8079451224191082,5.826922456083465e-11,1.007632432659664,0.9892878852002568,5.47112594472956,70.04994075166164,646.6681865,7.105427357601002e-15,3.1199999999999983,8.591125944729558
bridge/case-08,exploration family=storage seed=13 scale=0.85,storage_6,COMPLETED_INFEASIBLE,False,19,0,storage capacity,39.99999999999999,85.59999999999997,12,4.1536551975696057e-11,198.39889466769426,646.9032809523721,1085.2222358249996,0.768743249861411,4.563333102273319e-11,1.0079536581207424,0.9895098282688563,5.270336959636698,66.38952875016425,646.6681865,-7.105427357601002e-15,4.679999999999998,9.950336959636696
bridge/case-08,exploration family=storage seed=13 scale=0.85,storage_7,COMPLETED_INFEASIBLE,False,15,0,storage capacity,39.99999999999999,85.59999999999997,12,4.922462437662034e-11,198.22044556221852,646.64121849032,1085.2222358249996,0.768743249861411,4.563333102273319e-11,1.007445320096009,0.9895098282688563,5.18672360305273,66.38952875016425,646.6681865,-7.105427357601002e-15,4.679999999999998,9.866723603052728
bridge/case-09,exploration family=combined seed=13 scale=0.85,baseline,COMPLETED_VALID,True,0,0,,40.0,40.0,0.0,-1.1972645097557688e-11,245.7147543094862,690.5602019622584,1085.2222358249996,0.8871076783180245,5.869413746950698e-11,1.0081019312016635,0.9883003027349101,6.291398327784613,77.40015978574255,646.6681865,0.0,0.0,6.291398327784613
bridge/case-09,exploration family=combined seed=13 scale=0.85,tap_m2,COMPLETED_VALID,True,0,0,,40.0,40.0,0.0,-2.8466118351389014e-12,245.66036990068343,690.6669672411322,1085.2222358249996,0.8985706331742276,5.106958087401285e-11,0.9957023482066555,0.9756488568753958,6.452548015451957,77.41885533160168,646.6681865,0.0,0.0,6.452548015451957
bridge/case-09,exploration family=combined seed=13 scale=0.85,tap_p2,COMPLETED_VALID,True,0,0,,40.0,40.0,0.0,-9.733547301493672e-12,245.76717115555363,690.4574436084965,1085.2222358249996,0.875936385888771,5.1747186233676655e-11,1.0205039185787197,1.000947885536332,6.136223127953101,77.38217132146659,646.6681865,0.0,0.0,6.136223127953101
bridge/case-09,exploration family=combined seed=13 scale=0.85,tap_p4,COMPLETED_VALID,True,0,0,,40.0,40.0,0.0,1.0773604230962519e-11,245.81771384026518,690.3584932165297,1085.2222358249996,0.8650456579220751,5.829583803490035e-11,1.0329082258680229,1.0135917527420037,5.986730051254112,77.36485449657545,646.6681865,0.0,0.0,5.986730051254112
bridge/case-09,exploration family=combined seed=13 scale=0.85,combined_0,COMPLETED_VALID,True,0,0,,40.0,47.60000000000002,2,2.776867624731949e-11,237.91150363766005,683.0204051752424,1085.2222358249996,0.8456718962129416,5.870108003878181e-11,1.0327939020908026,1.0142284124145682,5.774852212555005,75.52540093702788,646.6681865,0.0,0.7799999999999996,6.554852212555004
bridge/case-09,exploration family=combined seed=13 scale=0.85,combined_1,COMPLETED_VALID,True,0,0,,40.0,47.60000000000002,2,2.9651614497083756e-11,237.9246586451444,683.0204051752424,1085.2222358249996,0.8456718962129416,5.870108003878181e-11,1.0327939020908026,1.0142284124145682,5.761697205068793,75.52540093702788,646.6681865,0.0,0.7799999999999996,6.541697205068792
bridge/case-09,exploration family=combined seed=13 scale=0.85,combined_2,COMPLETED_VALID,True,0,0,,40.0,55.200000000000045,4,6.159561749541353e-11,229.99464172929623,675.6916381475352,1085.2222358249996,0.8263533568890112,6.079206634629701e-11,1.03276344033815,1.0143371885318435,5.582947093177805,73.68829478105583,646.6681865,0.0,1.5599999999999992,7.1429470931778045
bridge/case-09,exploration family=combined seed=13 scale=0.85,combined_3,COMPLETED_VALID,True,0,0,,40.0,55.200000000000045,4,6.470246560752457e-11,230.02100004317785,675.6916381475352,1085.2222358249996,0.8263533568890112,6.079206634629701e-11,1.0326793732920483,1.0143371885318435,5.556588779292997,73.68829478105583,646.6681865,0.0,1.5599999999999992,7.1165887792929965
bridge/case-09,exploration family=combined seed=13 scale=0.85,combined_4,COMPLETED_VALID,True,0,0,,40.0,70.4,8,4.318767565791859e-11,214.12879030544812,661.0619255353066,1085.2222358249996,0.7878899896668601,4.533562328589955e-11,1.03276344033815,1.0145541897490093,5.259085904815846,70.02108884490838,646.6681865,7.105427357601002e-15,3.1199999999999983,8.379085904815845
bridge/case-09,exploration family=combined seed=13 scale=0.85,combined_5,COMPLETED_VALID,True,0,0,,40.0,70.4,8,4.773426098836353e-11,214.1817014612226,661.0619255353066,1085.2222358249996,0.7878899896668601,4.533562328589955e-11,1.0324496972561712,1.0145541897490093,5.20617474903669,70.02108884490838,646.6681865,7.105427357601002e-15,3.1199999999999983,8.326174749036689
bridge/case-09,exploration family=combined seed=13 scale=0.85,combined_6,COMPLETED_INFEASIBLE,False,19,0,storage capacity,39.99999999999999,85.59999999999997,12,3.183941998941009e-11,198.48096937365776,646.7302324414615,1085.2222358249996,0.7496737176854832,3.5492677118438614e-11,1.03276344033815,1.0147704610238344,5.015213742772241,66.36316561809764,646.6681865,-7.105427357601002e-15,4.679999999999998,9.69521374277224
bridge/case-09,exploration family=combined seed=13 scale=0.85,combined_7,COMPLETED_INFEASIBLE,False,15,0,storage capacity,39.99999999999999,85.59999999999997,12,3.7477576597666484e-11,198.2994727023323,646.4690745463944,1085.2222358249996,0.7496737176854832,3.5492677118438614e-11,1.0322670936266043,1.0147704610238344,4.935552519025007,66.36316561809764,646.6681865,-7.105427357601002e-15,4.679999999999998,9.615552519025005
bridge/case-10,exploration family=storage seed=13 scale=1.0,baseline,COMPLETED_INFEASIBLE,False,6,0,branch 0-1 current loading,40.0,40.0,0.0,3.199929210495611e-11,195.3487366490384,833.010346841092,1276.7320419500008,1.045543207850872,5.933655404496739e-11,1.0072147671219163,0.9862086149428978,7.597754742020758,91.21185019320413,646.6681865,0.0,0.0,7.597754742020758
bridge/case-10,exploration family=storage seed=13 scale=1.0,tap_m2,COMPLETED_INFEASIBLE,False,6,0,branch 0-1 current loading,40.0,40.0,0.0,1.3727685654885136e-11,195.3049998553925,833.1623292995819,1276.7320419500008,1.059103951082682,4.643984737405002e-11,0.9948042889999904,0.9735293693297857,7.793473994174889,91.23792246691802,646.6681865,0.0,0.0,7.793473994174889
bridge/case-10,exploration family=storage seed=13 scale=1.0,tap_p2,COMPLETED_INFEASIBLE,False,4,0,branch 0-1 current loading,40.0,40.0,0.0,2.7530866475444782e-11,195.39088793633562,832.8640875796181,1276.7320419500008,1.0323293902911428,5.2286893541002265e-11,1.0196273922268853,0.9988832613513277,7.4093441932541095,91.18676886671186,646.6681865,0.0,0.0,7.4093441932541095
bridge/case-10,exploration family=storage seed=13 scale=1.0,tap_p4,COMPLETED_INFEASIBLE,False,4,0,branch 0-1 current loading,40.0,40.0,0.0,2.3220536604640074e-11,195.43152916693546,832.7232661454427,1276.7320419500008,1.0194492031977853,4.617446264338624e-11,1.0320420887277637,1.011553485469669,7.227881528483266,91.16262851514738,646.6681865,0.0,0.0,7.227881528483266
bridge/case-10,exploration family=storage seed=13 scale=1.0,storage_0,COMPLETED_INFEASIBLE,False,4,0,branch 0-1 current loading,40.0,47.60000000000002,2,3.06632497171222e-11,187.4333333468783,825.6414797151003,1276.7320419500008,1.025578518774492,4.884128711844679e-11,1.0070974204371674,0.9868729256068808,7.364290918190596,89.36373469047005,646.6681865,0.0,0.7799999999999996,8.144290918190595
bridge/case-10,exploration family=storage seed=13 scale=1.0,storage_1,COMPLETED_INFEASIBLE,False,4,0,branch 0-1 current loading,40.0,47.60000000000002,2,3.214384314276231e-11,187.4480035648311,825.6414797151003,1276.7320419500008,1.025578518774492,4.884128711844679e-11,1.0070974204371674,0.9868729256068808,7.349620700236417,89.36373469047005,646.6681865,0.0,0.7799999999999996,8.129620700236417
bridge/case-10,exploration family=storage seed=13 scale=1.0,storage_2,COMPLETED_INFEASIBLE,False,2,0,branch 0-1 current loading,40.0,55.200000000000045,4,3.924105484998108e-11,179.83255121982094,818.6083681862372,1276.7320419500008,1.00566764827622,5.944062011047464e-11,1.0070677514736166,0.9870722242191722,7.151961516376145,87.51811729310077,646.6681865,0.0,1.5599999999999992,8.711961516376144
bridge/case-10,exploration family=storage seed=13 scale=1.0,storage_3,COMPLETED_INFEASIBLE,False,2,0,branch 0-1 current loading,40.0,55.200000000000045,4,4.1603609446383416e-11,179.53609835170155,818.282518094947,1276.7320419500008,1.00566764827622,5.944062011047464e-11,1.0069798523221563,0.9870722242191722,7.122564293203093,87.51811729310077,646.6681865,0.0,1.5599999999999992,8.682564293203091
bridge/case-10,exploration family=storage seed=13 scale=1.0,storage_4,COMPLETED_VALID,False,0,0,,40.0,70.4,8,3.4158453843247116e-11,164.94641190326897,804.9210055948234,1276.7320419500008,0.9660130459627737,4.390074245665099e-11,1.0070677514736166,0.9872962913181771,6.790738241519481,83.83433641656191,646.6681865,7.105427357601002e-15,3.1199999999999983,9.910738241519478
bridge/case-10,exploration family=storage seed=13 scale=1.0,storage_5,COMPLETED_VALID,False,0,0,,40.0,70.4,8,3.76010333980048e-11,163.6785816686503,803.5941521156141,1276.7320419500008,0.9660130459627737,4.390074245665099e-11,1.0067440479657497,0.9872962913181771,6.731714996925376,83.83433641656191,646.6681865,7.105427357601002e-15,3.1199999999999983,9.851714996925374
bridge/case-10,exploration family=storage seed=13 scale=1.0,storage_6,COMPLETED_INFEASIBLE,False,19,0,storage capacity,39.99999999999999,85.59999999999997,12,4.860378766124995e-11,150.997146373055,792.2551577129765,1276.7320419500008,0.9265920233285617,5.3153490518903055e-11,1.0070677514736166,0.9875195612465298,6.514155889872099,80.16042748425943,646.6681865,-7.105427357601002e-15,4.679999999999998,11.194155889872096
bridge/case-10,exploration family=storage seed=13 scale=1.0,storage_7,COMPLETED_INFEASIBLE,False,15,0,storage capacity,39.99999999999999,85.59999999999997,12,5.2594373300962616e-11,147.7758032654047,788.9449331992087,1276.7320419500008,0.9265920233285617,5.3153490518903055e-11,1.0065399750833448,0.9875195612465298,6.425274483750629,80.16042748425943,646.6681865,-7.105427357601002e-15,4.679999999999998,11.105274483750627
bridge/case-11,exploration family=combined seed=13 scale=1.0,baseline,COMPLETED_INFEASIBLE,False,6,0,branch 0-1 current loading,40.0,40.0,0.0,3.199929210495611e-11,195.3487366490384,833.010346841092,1276.7320419500008,1.045543207850872,5.933655404496739e-11,1.0072147671219163,0.9862086149428978,7.597754742020758,91.21185019320413,646.6681865,0.0,0.0,7.597754742020758
bridge/case-11,exploration family=combined seed=13 scale=1.0,tap_m2,COMPLETED_INFEASIBLE,False,6,0,branch 0-1 current loading,40.0,40.0,0.0,1.3727685654885136e-11,195.3049998553925,833.1623292995819,1276.7320419500008,1.059103951082682,4.643984737405002e-11,0.9948042889999904,0.9735293693297857,7.793473994174889,91.23792246691802,646.6681865,0.0,0.0,7.793473994174889
bridge/case-11,exploration family=combined seed=13 scale=1.0,tap_p2,COMPLETED_INFEASIBLE,False,4,0,branch 0-1 current loading,40.0,40.0,0.0,2.7530866475444782e-11,195.39088793633562,832.8640875796181,1276.7320419500008,1.0323293902911428,5.2286893541002265e-11,1.0196273922268853,0.9988832613513277,7.4093441932541095,91.18676886671186,646.6681865,0.0,0.0,7.4093441932541095
bridge/case-11,exploration family=combined seed=13 scale=1.0,tap_p4,COMPLETED_INFEASIBLE,False,4,0,branch 0-1 current loading,40.0,40.0,0.0,2.3220536604640074e-11,195.43152916693546,832.7232661454427,1276.7320419500008,1.0194492031977853,4.617446264338624e-11,1.0320420887277637,1.011553485469669,7.227881528483266,91.16262851514738,646.6681865,0.0,0.0,7.227881528483266
bridge/case-11,exploration family=combined seed=13 scale=1.0,combined_0,COMPLETED_VALID,False,0,0,,40.0,47.60000000000002,2,3.1072699968603956e-11,187.5121206522041,825.3618037435211,1276.7320419500008,0.999996808449277,5.4899863176113574e-11,1.0319274824729214,1.012200888236597,7.005827641285173,89.31666594618494,646.6681865,0.0,0.7799999999999996,7.785827641285173
bridge/case-11,exploration family=combined seed=13 scale=1.0,combined_1,COMPLETED_VALID,False,0,0,,40.0,47.60000000000002,2,3.1994629168252686e-11,187.5261001959909,825.3618037435211,1276.7320419500008,0.999996808449277,5.4899863176113574e-11,1.0319274824729214,1.012200888236597,6.991848097497306,89.31666594618494,646.6681865,0.0,0.7799999999999996,7.771848097497306
bridge/case-11,exploration family=combined seed=13 scale=1.0,combined_2,COMPLETED_VALID,False,0,0,,40.0,55.200000000000045,4,2.87321277880892e-11,179.90710991207206,818.3348430080387,1276.7320419500008,0.980595440179699,4.623927207477276e-11,1.0318985421978555,1.0123950339251646,6.803877645937154,87.47307373677957,646.6681865,0.0,1.5599999999999992,8.363877645937153
bridge/case-11,exploration family=combined seed=13 scale=1.0,combined_3,COMPLETED_VALID,False,0,0,,40.0,55.200000000000045,4,3.0329072586710026e-11,179.61002193927965,818.0097444118571,1276.7320419500008,0.980595440179699,4.623927207477276e-11,1.0318126702105392,1.0123950339251646,6.775867022546294,87.47307373677957,646.6681865,0.0,1.5599999999999992,8.335867022546292
bridge/case-11,exploration family=combined seed=13 scale=1.0,combined_4,COMPLETED_VALID,False,0,0,,40.0,70.4,8,4.1870507061503304e-11,165.0155688833558,804.6597438102945,1276.7320419500008,0.9419513623388659,5.2595705008986135e-11,1.0318985421978555,1.0126132715752618,6.4603194768959264,83.79296397660106,646.6681865,7.105427357601002e-15,3.1199999999999983,9.580319476895925
bridge/case-11,exploration family=combined seed=13 scale=1.0,combined_5,COMPLETED_VALID,False,0,0,,40.0,70.4,8,4.4283687827828544e-11,163.74574516847176,803.3336912804176,1276.7320419500008,0.9419513623388659,5.2595705008986135e-11,1.0315824242637135,1.0126132715752618,6.4040906619006215,83.79296397660106,646.6681865,7.105427357601002e-15,3.1199999999999983,9.524090661900619
bridge/case-11,exploration family=combined seed=13 scale=1.0,combined_6,COMPLETED_INFEASIBLE,False,19,0,storage capacity,39.99999999999999,85.59999999999997,12,4.490896543529743e-11,151.06193389356295,792.0030622108392,1276.7320419500008,0.9035293519773533,5.294386212717411e-11,1.0318985421978555,1.012830771162219,6.197272867230551,80.12222700848285,646.6681865,-7.105427357601002e-15,4.679999999999998,10.877272867230548
bridge/case-11,exploration family=combined seed=13 scale=1.0,combined_7,COMPLETED_INFEASIBLE,False,15,0,storage capacity,39.99999999999999,85.59999999999997,12,4.7774229017250036e-11,147.83835094649984,788.6948218033023,1276.7320419500008,0.9035293519773533,5.294386212717411e-11,1.031383258777659,1.012830771162219,6.1126154067538225,80.12222700848285,646.6681865,-7.105427357601002e-15,4.679999999999998,10.792615406753821
bridge/case-12,confirmation seed=41 scale=0.7,baseline,COMPLETED_VALID,True,0,0,,40.0,40.0,0.0,3.2871483313101635e-11,315.852573084343,547.066690777308,893.7124283,0.7292482460211663,4.765797784337894e-11,1.0106358999966873,0.9903837339265322,5.701159392932125,63.63511285210405,668.19947,0.0,0.0,5.701159392932125
bridge/case-12,confirmation seed=41 scale=0.7,tap_m2,COMPLETED_VALID,True,0,0,,40.0,40.0,0.0,5.055422747091143e-11,315.77793771794273,547.1369150991427,893.7124283,0.7386365550744635,3.865077259199315e-11,0.9982670963281531,0.9777597558161351,5.8460190811494295,63.64769748102841,668.19947,0.0,0.0,5.8460190811494295
bridge/case-12,confirmation seed=41 scale=0.7,tap_p2,COMPLETED_VALID,True,0,0,,40.0,40.0,0.0,2.453592884421596e-11,315.92451913468506,546.9990930112305,893.7124283,0.7200975242300236,4.9963458387712e-11,1.0230078233128925,1.003004568061877,5.561615576520828,63.6230018648305,668.19947,0.0,0.0,5.561615576520828
bridge/case-12,confirmation seed=41 scale=0.7,tap_p4,COMPLETED_VALID,True,0,0,,40.0,40.0,0.0,2.2210677741441032e-11,315.99390290274044,546.9339919271691,893.7124283,0.7111754130042102,4.425186027915183e-11,1.0353827576766912,1.0156223773248254,5.427130724406497,63.611340920077616,668.19947,0.0,0.0,5.427130724406497
bridge/case-12,confirmation seed=41 scale=0.7,combined_loss,COMPLETED_VALID,True,0,0,,40.0,47.60000000000002,2,7.681633107381458e-12,308.12620316599737,539.6188977293162,893.7124283,0.6918803121828341,4.38242280305336e-11,1.035269263810824,1.016164088040243,5.19973626331116,61.77832469591328,668.19947,0.0,0.7799999999999996,5.9797362633111595
bridge/case-12,confirmation seed=41 scale=0.7,combined_peak,COMPLETED_VALID,True,0,0,,40.0,70.4,8,-1.538325022920617e-12,284.4254415799971,517.7289199663913,893.7124283,0.6343764441188957,4.425186027915183e-11,1.0349275658824475,1.0164880308547004,4.670520086395814,56.29318981067172,668.19947,7.105427357601002e-15,3.1199999999999983,7.790520086395812
bridge/case-12,confirmation seed=41 scale=0.7,storage_loss,COMPLETED_VALID,True,0,0,,40.0,47.60000000000002,2,1.9865664668827776e-11,307.9913959772165,539.7466709613524,893.7124283,0.7094532144228061,4.634133986313663e-11,1.0105197478710248,0.9909394229991882,5.462316684115993,61.80064125572826,668.19947,0.0,0.7799999999999996,6.242316684115992
bridge/case-12,confirmation seed=41 scale=0.7,storage_peak,COMPLETED_VALID,True,0,0,,40.0,70.4,8,6.409983654975804e-12,284.3054443949959,517.8448105901311,893.7124283,0.6504677990989305,4.5009725382382e-11,1.0101699851293582,0.9912718357688993,4.906407895128792,56.3118731840967,668.19947,7.105427357601002e-15,3.1199999999999983,8.026407895128791
